8,0,1,0,0.6,0.465,0.15,1.1025,0.5455,0.262,0.25
10,0,1,0,0.385,0.305,0.125,0.314,0.146,0.0555,0.08
10,1,0,0,0.65,0.525,0.185,1.622,0.6645,0.3225,0.477
10,0,1,0,0.63,0.49,0.17,1.2155,0.4625,0.2045,0.3105
10,1,0,0,0.575,0.435,0.13,1.0105,0.368,0.222,0.32
13,0,0,1,0.44,0.345,0.1,0.366,0.122,0.0905,0.12
13,0,0,1,0.48,0.37,0.12,0.514,0.2075,0.131,0.155
8,0,1,0,0.615,0.48,0.16,1.2525,0.585,0.2595,0.33
16,0,1,0,0.52,0.425,0.165,0.9885,0.396,0.225,0.32
8,1,0,0,0.485,0.39,0.135,0.617,0.25,0.1345,0.1635
11,0,1,0,0.41,0.32,0.115,0.387,0.165,0.1005,0.0985
8,0,0,1,0.555,0.425,0.13,0.648,0.2835,0.133,0.2105
9,0,0,1,0.545,0.4,0.13,0.686,0.3285,0.1455,0.18
16,0,1,0,0.65,0.515,0.215,1.498,0.564,0.323,0.425
14,1,0,0,0.5,0.385,0.145,0.7615,0.246,0.195,0.204
7,0,0,1,0.455,0.35,0.135,0.5365,0.2855,0.0855,0.1325
18,0,1,0,0.6,0.475,0.18,1.162,0.511,0.2675,0.32
8,0,1,0,0.535,0.46,0.145,0.7875,0.3395,0.2005,0.2
8,1,0,0,0.61,0.49,0.16,1.146,0.597,0.246,0.265
12,0,1,0,0.575,0.45,0.16,0.9775,0.3135,0.231,0.33
7,1,0,0,0.5,0.375,0.145,0.6215,0.274,0.166,0.1485
9,0,1,0,0.585,0.46,0.165,1.058,0.486,0.25,0.294
11,0,1,0,0.555,0.425,0.14,0.788,0.282,0.1595,0.285
11,0,1,0,0.68,0.56,0.195,1.7775,0.861,0.322,0.415
12,0,1,0,0.565,0.505,0.21,1.2765,0.501,0.279,0.355
12,1,0,0,0.54,0.42,0.155,0.7385,0.3515,0.152,0.215
8,0,0,1,0.315,0.245,0.085,0.1435,0.053,0.0475,0.05
11,0,1,0,0.65,0.52,0.195,1.6275,0.689,0.3905,0.432
9,0,0,1,0.61,0.465,0.15,0.9605,0.4495,0.1725,0.286
13,0,1,0,0.51,0.39,0.105,0.612,0.187,0.15,0.195
7,0,0,1,0.455,0.355,0.125,0.5325,0.225,0.126,0.1465
7,1,0,0,0.545,0.42,0.12,0.7865,0.403,0.185,0.17
9,1,0,0,0.685,0.545,0.205,1.7925,0.8145,0.416,0.461
8,0,0,1,0.46,0.365,0.11,0.4495,0.1755,0.102,0.15
7,0,1,0,0.4,0.305,0.16,0.368,0.173,0.0705,0.105
10,1,0,0,0.57,0.45,0.145,0.95,0.4005,0.2235,0.2845
10,1,0,0,0.665,0.525,0.155,1.3575,0.5325,0.3045,0.4485
6,0,0,1,0.34,0.255,0.075,0.18,0.0745,0.04,0.0525
7,0,0,1,0.445,0.35,0.13,0.4195,0.1695,0.0945,0.1195
8,0,0,1,0.52,0.415,0.14,0.6385,0.2945,0.1405,0.171
7,0,0,1,0.385,0.29,0.08,0.2485,0.122,0.0495,0.065
12,0,1,0,0.645,0.485,0.15,1.151,0.5935,0.2315,0.293
11,0,1,0,0.62,0.54,0.165,1.139,0.4995,0.2435,0.357
8,1,0,0,0.615,0.505,0.19,1.403,0.6715,0.2925,0.365
10,0,1,0,0.585,0.45,0.16,1.077,0.4995,0.2875,0.25
7,0,0,1,0.465,0.355,0.105,0.442,0.2085,0.0975,0.1185
6,0,0,1,0.38,0.275,0.11,0.256,0.11,0.0535,0.0755
8,0,0,1,0.44,0.35,0.125,0.456,0.21,0.0955,0.131
10,0,1,0,0.62,0.5,0.17,1.148,0.5475,0.22,0.3315
11,1,0,0,0.635,0.515,0.16,1.2075,0.5385,0.282,0.345
7,0,0,1,0.35,0.26,0.095,0.211,0.086,0.056,0.068
12,1,0,0,0.495,0.385,0.135,0.709,0.211,0.1375,0.262
9,1,0,0,0.485,0.37,0.155,0.968,0.419,0.2455,0.2365
11,0,1,0,0.67,0.51,0.155,1.278,0.5605,0.3045,0.358
6,0,1,0,0.385,0.3,0.1,0.2725,0.1115,0.057,0.08
13,1,0,0,0.74,0.535,0.185,1.65,0.734,0.4505,0.335
13,0,0,1,0.52,0.4,0.145,0.66,0.267,0.1055,0.22
10,1,0,0,0.625,0.5,0.14,1.096,0.5445,0.2165,0.295
9,0,1,0,0.49,0.375,0.15,0.5755,0.22,0.144,0.19
12,1,0,0,0.61,0.485,0.17,1.0225,0.419,0.2405,0.36
7,0,0,1,0.425,0.315,0.095,0.3675,0.1865,0.0675,0.0985
10,1,0,0,0.67,0.54,0.175,1.482,0.739,0.2925,0.365
10,0,1,0,0.625,0.485,0.165,1.2255,0.5075,0.296,0.36
10,1,0,0,0.66,0.53,0.195,1.5505,0.6505,0.3295,0.495
7,0,0,1,0.39,0.3,0.095,0.3265,0.1665,0.0575,0.089
14,1,0,0,0.495,0.385,0.135,0.6335,0.2,0.1225,0.26
14,0,1,0,0.46,0.365,0.115,0.4485,0.165,0.083,0.17
6,0,0,1,0.325,0.27,0.1,0.185,0.08,0.0435,0.065
21,1,0,0,0.49,0.39,0.15,0.573,0.225,0.124,0.17
7,1,0,0,0.35,0.265,0.09,0.197,0.073,0.0365,0.077
16,0,1,0,0.57,0.465,0.18,0.9995,0.405,0.277,0.295
10,0,0,1,0.52,0.385,0.115,0.581,0.2555,0.156,0.143
18,0,1,0,0.5,0.405,0.14,0.6735,0.265,0.124,0.25
10,0,1,0,0.38,0.29,0.105,0.257,0.099,0.051,0.085
10,1,0,0,0.58,0.455,0.135,0.7955,0.405,0.167,0.204
5,0,0,1,0.335,0.255,0.08,0.168,0.079,0.0355,0.05
11,1,0,0,0.59,0.465,0.155,1.136,0.5245,0.2615,0.275
12,0,1,0,0.415,0.325,0.105,0.38,0.1595,0.0785,0.12
7,0,0,1,0.3,0.22,0.09,0.1425,0.057,0.0335,0.043
13,1,0,0,0.59,0.47,0.18,1.1235,0.4205,0.2805,0.36
9,1,0,0,0.365,0.285,0.085,0.2205,0.0855,0.0515,0.07
10,0,1,0,0.69,0.58,0.195,1.658,0.708,0.3615,0.4715
12,0,0,1,0.535,0.41,0.155,0.6315,0.2745,0.1415,0.1815
14,0,0,1,0.44,0.345,0.12,0.487,0.1965,0.108,0.16
13,1,0,0,0.615,0.48,0.18,1.1595,0.4845,0.2165,0.325
12,1,0,0,0.65,0.515,0.185,1.3745,0.75,0.1805,0.369
11,1,0,0,0.585,0.455,0.15,0.987,0.4355,0.2075,0.31
10,0,1,0,0.655,0.505,0.165,1.367,0.5835,0.3515,0.396
9,0,1,0,0.55,0.415,0.18,1.1655,0.502,0.301,0.311
9,0,1,0,0.625,0.485,0.16,1.254,0.591,0.259,0.3485
18,0,1,0,0.565,0.455,0.15,0.8205,0.365,0.159,0.26
4,0,0,1,0.135,0.13,0.04,0.029,0.0125,0.0065,0.008
11,1,0,0,0.69,0.55,0.195,1.777,0.769,0.38,0.4305
16,0,1,0,0.66,0.565,0.195,1.7605,0.692,0.3265,0.5
7,0,0,1,0.33,0.23,0.08,0.14,0.0565,0.0365,0.046
11,0,1,0,0.62,0.495,0.17,1.062,0.372,0.213,0.34
13,1,0,0,0.7,0.55,0.2,1.523,0.693,0.306,0.4405
12,1,0,0,0.625,0.5,0.18,1.3705,0.645,0.303,0.3705
7,0,0,1,0.375,0.28,0.08,0.2165,0.0935,0.0925,0.07
8,0,1,0,0.56,0.44,0.155,0.6405,0.336,0.1765,0.245
12,0,1,0,0.68,0.505,0.17,1.3435,0.657,0.297,0.355
4,0,0,1,0.16,0.12,0.02,0.018,0.0075,0.0045,0.005
8,0,0,1,0.515,0.385,0.125,0.6115,0.3175,0.1265,0.15
6,0,0,1,0.365,0.27,0.085,0.197,0.0815,0.0325,0.065
12,0,1,0,0.67,0.53,0.205,1.4015,0.643,0.2465,0.416
10,1,0,0,0.61,0.45,0.15,0.871,0.407,0.1835,0.25
10,1,0,0,0.635,0.49,0.16,1.101,0.534,0.1865,0.3455
9,1,0,0,0.62,0.47,0.15,1.309,0.587,0.4405,0.325
8,1,0,0,0.525,0.385,0.1,0.5115,0.246,0.1005,0.1455
9,1,0,0,0.65,0.505,0.18,1.469,0.7115,0.3335,0.38
10,0,1,0,0.565,0.445,0.155,0.826,0.341,0.2055,0.2475
8,0,0,1,0.51,0.395,0.105,0.5525,0.234,0.127,0.165
6,0,0,1,0.335,0.25,0.08,0.1695,0.0695,0.044,0.0495
12,0,1,0,0.67,0.525,0.195,1.37,0.6065,0.2955,0.407
10,0,1,0,0.52,0.415,0.145,0.8045,0.3325,0.1725,0.285
3,0,0,1,0.18,0.13,0.045,0.0275,0.0125,0.01,0.009
11,1,0,0,0.66,0.505,0.19,1.4385,0.6775,0.285,0.178
10,1,0,0,0.685,0.505,0.19,1.533,0.667,0.4055,0.41
10,0,0,1,0.54,0.415,0.155,0.702,0.322,0.167,0.19
4,0,0,1,0.155,0.105,0.05,0.0175,0.005,0.0035,0.005
16,0,1,0,0.675,0.535,0.16,1.41,0.592,0.3175,0.42
10,0,1,0,0.66,0.515,0.17,1.337,0.615,0.3125,0.3575
17,0,0,1,0.61,0.46,0.17,1.278,0.41,0.257,0.37
11,1,0,0,0.53,0.42,0.165,0.8945,0.319,0.239,0.245
15,0,1,0,0.595,0.48,0.2,0.975,0.358,0.2035,0.34
9,0,1,0,0.37,0.285,0.105,0.27,0.1125,0.0585,0.0835
11,0,0,1,0.535,0.45,0.17,0.781,0.3055,0.1555,0.295
9,0,0,1,0.5,0.38,0.135,0.594,0.2945,0.104,0.1565
8,1,0,0,0.58,0.45,0.155,0.8275,0.321,0.1975,0.2445
9,0,1,0,0.625,0.5,0.175,1.273,0.564,0.302,0.374
7,0,0,1,0.425,0.32,0.1,0.3055,0.126,0.06,0.106
22,1,0,0,0.655,0.54,0.215,1.844,0.7425,0.327,0.585
9,1,0,0,0.55,0.425,0.16,0.793,0.343,0.2035,0.215
5,0,0,1,0.285,0.205,0.07,0.106,0.039,0.0285,0.034
9,0,1,0,0.5,0.37,0.135,0.45,0.1715,0.1055,0.155
10,0,0,1,0.575,0.435,0.13,0.805,0.3155,0.2155,0.245
15,1,0,0,0.605,0.49,0.155,1.153,0.503,0.2505,0.295
10,1,0,0,0.6,0.47,0.16,1.194,0.5625,0.3045,0.2635
5,0,0,1,0.42,0.32,0.115,0.376,0.169,0.092,0.1
11,0,1,0,0.64,0.5,0.17,1.5175,0.693,0.326,0.409
4,0,0,1,0.3,0.235,0.08,0.131,0.05,0.0265,0.043
6,0,1,0,0.46,0.35,0.115,0.46,0.2025,0.1115,0.1165
11,0,1,0,0.445,0.355,0.15,0.485,0.181,0.125,0.155
12,0,1,0,0.615,0.475,0.165,1.023,0.4905,0.1955,0.3035
10,0,1,0,0.645,0.51,0.155,1.129,0.5015,0.24,0.342
10,1,0,0,0.58,0.46,0.155,1.0335,0.469,0.2225,0.295
15,1,0,0,0.505,0.385,0.145,0.6775,0.236,0.179,0.2
8,1,0,0,0.525,0.405,0.13,0.7185,0.3265,0.1975,0.175
10,1,0,0,0.615,0.475,0.175,1.103,0.4635,0.3095,0.2725
12,0,1,0,0.525,0.405,0.16,0.658,0.2655,0.1125,0.225
10,0,1,0,0.65,0.51,0.185,1.375,0.531,0.384,0.3985
10,1,0,0,0.585,0.49,0.185,1.171,0.522,0.2535,0.335
10,1,0,0,0.615,0.455,0.15,0.9335,0.382,0.247,0.2615
7,0,0,1,0.365,0.27,0.085,0.2225,0.0935,0.0525,0.066
14,0,1,0,0.465,0.38,0.135,0.579,0.208,0.1095,0.22
6,0,0,1,0.42,0.31,0.095,0.279,0.1255,0.051,0.088
18,0,1,0,0.565,0.48,0.175,0.957,0.3885,0.215,0.275
10,0,1,0,0.49,0.38,0.125,0.549,0.245,0.1075,0.174
10,0,1,0,0.515,0.395,0.165,0.7565,0.1905,0.17,0.3205
9,1,0,0,0.57,0.46,0.15,1.0375,0.5415,0.2035,0.25
8,0,0,1,0.55,0.435,0.165,0.804,0.34,0.194,0.244
14,0,1,0,0.58,0.45,0.235,1.071,0.3,0.206,0.395
9,1,0,0,0.345,0.27,0.09,0.195,0.078,0.0455,0.059
15,0,1,0,0.635,0.505,0.17,1.415,0.605,0.297,0.365
9,0,1,0,0.44,0.34,0.14,0.482,0.186,0.1085,0.16
9,1,0,0,0.54,0.405,0.125,0.891,0.4815,0.1915,0.202
6,0,0,1,0.295,0.215,0.085,0.128,0.049,0.034,0.04
18,0,1,0,0.545,0.405,0.175,0.98,0.2585,0.207,0.38
9,0,1,0,0.595,0.455,0.14,0.914,0.3895,0.2225,0.271
9,0,1,0,0.575,0.475,0.16,0.895,0.3605,0.221,0.271
10,0,1,0,0.55,0.45,0.145,0.741,0.295,0.1435,0.2665
11,0,1,0,0.61,0.45,0.13,0.8725,0.389,0.1715,0.272
7,0,0,1,0.38,0.275,0.095,0.1375,0.086,0.0585,0.0605
12,1,0,0,0.5,0.405,0.155,0.772,0.346,0.1535,0.245
5,0,0,1,0.29,0.215,0.06,0.1115,0.053,0.0185,0.032
8,0,1,0,0.56,0.43,0.15,0.8745,0.453,0.161,0.22
9,1,0,0,0.565,0.43,0.13,0.784,0.3495,0.1885,0.213
15,0,0,1,0.52,0.415,0.16,0.595,0.2105,0.142,0.26
6,0,0,1,0.31,0.235,0.09,0.127,0.048,0.031,0.04
9,1,0,0,0.63,0.49,0.155,1.2525,0.63,0.246,0.289
12,0,1,0,0.735,0.565,0.205,2.1275,0.949,0.46,0.565
6,0,0,1,0.365,0.27,0.105,0.2155,0.0915,0.0475,0.063
5,0,0,1,0.235,0.16,0.04,0.048,0.0185,0.018,0.015
9,0,1,0,0.575,0.445,0.14,0.941,0.3845,0.252,0.285
10,0,0,1,0.605,0.49,0.165,1.071,0.482,0.1935,0.352
12,0,0,1,0.56,0.44,0.165,0.8,0.335,0.1735,0.25
10,1,0,0,0.66,0.525,0.18,1.478,0.5815,0.381,0.372
12,0,1,0,0.68,0.5,0.185,1.741,0.7665,0.3255,0.4685
10,0,1,0,0.705,0.56,0.205,2.381,0.9915,0.5005,0.624
14,1,0,0,0.66,0.51,0.165,1.6375,0.7685,0.3545,0.3925
17,0,1,0,0.53,0.425,0.17,0.949,0.3485,0.2395,0.278
8,0,0,1,0.57,0.44,0.15,0.755,0.3425,0.16,0.224
6,0,0,1,0.41,0.31,0.09,0.3335,0.1635,0.061,0.091
8,0,0,1,0.475,0.355,0.135,0.4775,0.2145,0.09,0.1435
8,0,0,1,0.525,0.385,0.13,0.607,0.2355,0.125,0.195
8,0,1,0,0.61,0.495,0.185,1.153,0.536,0.2905,0.245
9,1,0,0,0.425,0.33,0.13,0.4405,0.152,0.0935,0.155
5,0,1,0,0.29,0.225,0.075,0.14,0.0515,0.0235,0.04
6,0,0,1,0.37,0.28,0.09,0.2565,0.1255,0.0645,0.0645
7,0,0,1,0.45,0.345,0.11,0.47,0.2355,0.0855,0.1135
8,0,0,1,0.5,0.37,0.12,0.5445,0.249,0.1065,0.152
11,1,0,0,0.615,0.47,0.175,1.242,0.5675,0.287,0.317
8,0,0,1,0.475,0.36,0.11,0.452,0.191,0.099,0.13
11,0,1,0,0.615,0.475,0.175,1.194,0.559,0.259,0.3165
7,1,0,0,0.48,0.365,0.12,0.6015,0.312,0.117,0.14
18,0,1,0,0.645,0.49,0.19,1.3065,0.479,0.3565,0.345
11,1,0,0,0.655,0.52,0.18,1.492,0.7185,0.36,0.355
10,0,1,0,0.56,0.45,0.16,1.0235,0.429,0.268,0.3
10,0,1,0,0.55,0.47,0.15,0.9205,0.381,0.2435,0.2675
7,0,0,1,0.37,0.28,0.09,0.218,0.0995,0.0545,0.0615
10,0,1,0,0.455,0.36,0.11,0.4385,0.206,0.098,0.125
9,1,0,0,0.5,0.365,0.13,0.5945,0.309,0.1085,0.1535
6,0,0,1,0.36,0.27,0.085,0.2185,0.1065,0.038,0.062
11,1,0,0,0.535,0.42,0.125,0.764,0.312,0.1505,0.265
9,1,0,0,0.515,0.4,0.14,0.6335,0.288,0.145,0.168
6,0,0,1,0.34,0.26,0.085,0.1885,0.0815,0.0335,0.06
10,0,0,1,0.54,0.42,0.14,0.6665,0.3125,0.138,0.1895
10,1,0,0,0.61,0.48,0.185,1.3065,0.6895,0.2915,0.29
10,1,0,0,0.645,0.505,0.15,1.1605,0.519,0.2615,0.335
11,0,1,0,0.68,0.55,0.175,1.473,0.713,0.282,0.4295
10,0,1,0,0.645,0.51,0.19,1.363,0.573,0.362,0.36
16,0,1,0,0.54,0.475,0.155,1.217,0.5305,0.3075,0.34
8,1,0,0,0.47,0.385,0.135,0.5895,0.2765,0.12,0.17
18,1,0,0,0.545,0.41,0.145,0.873,0.3035,0.196,0.31
10,1,0,0,0.595,0.455,0.15,0.886,0.4315,0.201,0.223
9,0,0,1,0.47,0.36,0.13,0.5225,0.198,0.1065,0.165
4,0,0,1,0.185,0.135,0.045,0.032,0.011,0.0065,0.01
5,0,0,1,0.255,0.19,0.075,0.0865,0.0345,0.0205,0.025
10,0,1,0,0.63,0.5,0.185,1.383,0.54,0.3315,0.38
6,0,0,1,0.35,0.265,0.085,0.1735,0.0775,0.034,0.056
11,0,0,1,0.47,0.345,0.115,0.4885,0.2005,0.108,0.166
9,1,0,0,0.58,0.445,0.16,0.984,0.49,0.201,0.27
12,1,0,0,0.55,0.41,0.15,0.785,0.282,0.186,0.275
9,1,0,0,0.585,0.47,0.145,0.9565,0.4025,0.2365,0.265
13,0,0,1,0.48,0.39,0.15,0.6275,0.276,0.134,0.185
9,0,1,0,0.605,0.47,0.155,0.974,0.393,0.224,0.3345
9,1,0,0,0.475,0.355,0.125,0.4625,0.186,0.107,0.145
10,1,0,0,0.595,0.46,0.17,1.1295,0.57,0.2555,0.265
8,0,1,0,0.46,0.35,0.115,0.44,0.19,0.1025,0.13
10,1,0,0,0.65,0.495,0.16,1.2075,0.55,0.2695,0.32
8,1,0,0,0.55,0.385,0.13,0.7275,0.343,0.1625,0.19
10,1,0,0,0.415,0.325,0.14,0.417,0.1535,0.1015,0.144
9,0,1,0,0.62,0.51,0.175,1.2705,0.5415,0.323,0.3225
18,0,1,0,0.66,0.525,0.205,1.3665,0.5005,0.291,0.41
9,0,1,0,0.58,0.45,0.17,0.9705,0.4615,0.232,0.248
9,1,0,0,0.58,0.455,0.17,0.93,0.408,0.259,0.22
7,1,0,0,0.505,0.385,0.13,0.6435,0.3135,0.149,0.1515
13,0,1,0,0.465,0.39,0.11,0.6355,0.1815,0.157,0.225
8,1,0,0,0.585,0.45,0.18,0.7995,0.336,0.1855,0.237
6,0,0,1,0.365,0.27,0.085,0.1875,0.081,0.042,0.058
12,1,0,0,0.69,0.525,0.2,1.7825,0.9165,0.3325,0.461
10,1,0,0,0.58,0.47,0.165,0.9975,0.3935,0.242,0.33
9,1,0,0,0.575,0.465,0.12,1.0535,0.516,0.2185,0.235
10,1,0,0,0.46,0.34,0.135,0.495,0.1655,0.117,0.185
8,0,0,1,0.385,0.29,0.085,0.2505,0.112,0.061,0.08
4,0,0,1,0.185,0.13,0.045,0.029,0.012,0.0075,0.0095
9,1,0,0,0.53,0.425,0.13,0.702,0.2975,0.1395,0.22
15,1,0,0,0.495,0.4,0.12,0.6605,0.2605,0.161,0.19
8,0,0,1,0.57,0.45,0.135,0.794,0.3815,0.1415,0.245
8,0,0,1,0.465,0.345,0.11,0.393,0.1825,0.0735,0.12
9,1,0,0,0.475,0.37,0.125,0.5095,0.2165,0.1125,0.165
8,0,0,1,0.46,0.34,0.1,0.386,0.1805,0.0875,0.0965
17,1,0,0,0.655,0.58,0.205,2.0805,0.959,0.3415,0.601
10,1,0,0,0.61,0.49,0.16,1.112,0.465,0.228,0.341
7,0,0,1,0.335,0.25,0.075,0.186,0.0945,0.038,0.0445
8,0,0,1,0.5,0.39,0.12,0.5955,0.2455,0.147,0.173
9,0,0,1,0.515,0.4,0.135,0.6965,0.32,0.1255,0.175
16,0,1,0,0.65,0.545,0.165,1.566,0.6645,0.3455,0.415
4,0,0,1,0.2,0.145,0.06,0.037,0.0125,0.0095,0.011
7,1,0,0,0.56,0.45,0.14,0.9,0.472,0.182,0.218
8,0,0,1,0.535,0.415,0.15,0.5765,0.3595,0.135,0.225
10,0,1,0,0.655,0.51,0.175,1.6525,0.8515,0.3365,0.403
7,0,1,0,0.555,0.425,0.14,0.963,0.44,0.224,0.24
11,1,0,0,0.58,0.475,0.15,0.97,0.385,0.2165,0.35
9,0,0,1,0.605,0.47,0.145,0.8025,0.379,0.2265,0.22
10,1,0,0,0.535,0.42,0.16,0.7465,0.348,0.1515,0.2185
11,0,0,1,0.45,0.355,0.115,0.4385,0.184,0.108,0.1125
7,1,0,0,0.52,0.39,0.12,0.6435,0.2885,0.157,0.161
11,0,1,0,0.6,0.45,0.14,0.869,0.3425,0.195,0.291
14,1,0,0,0.43,0.33,0.095,0.34,0.1315,0.085,0.112
9,0,0,1,0.485,0.345,0.16,0.869,0.3085,0.185,0.319
11,0,1,0,0.625,0.5,0.16,1.217,0.5725,0.207,0.355
8,0,0,1,0.41,0.325,0.11,0.326,0.1325,0.075,0.101
16,1,0,0,0.645,0.485,0.215,1.514,0.546,0.2615,0.635
9,0,1,0,0.635,0.49,0.17,1.2615,0.5385,0.2665,0.38
8,0,0,1,0.525,0.4,0.11,0.6275,0.3015,0.126,0.18
14,1,0,0,0.65,0.525,0.19,1.4995,0.6265,0.4005,0.395
10,1,0,0,0.595,0.48,0.185,1.1785,0.526,0.2975,0.314
8,0,0,1,0.54,0.425,0.135,0.686,0.3475,0.1545,0.213
11,1,0,0,0.57,0.46,0.155,1.0005,0.454,0.205,0.265
8,0,0,1,0.55,0.45,0.14,0.753,0.3445,0.1325,0.24
12,1,0,0,0.62,0.485,0.155,1.0295,0.425,0.2315,0.335
13,0,1,0,0.675,0.55,0.175,1.689,0.694,0.371,0.474
6,0,0,1,0.27,0.19,0.08,0.081,0.0265,0.0195,0.03
14,0,1,0,0.64,0.505,0.19,1.2355,0.4435,0.3105,0.365
12,1,0,0,0.505,0.405,0.14,0.875,0.2665,0.174,0.285
9,0,1,0,0.745,0.57,0.215,2.25,1.1565,0.446,0.558
7,1,0,0,0.62,0.46,0.17,1.127,0.535,0.2635,0.296
4,0,0,1,0.22,0.16,0.05,0.049,0.0215,0.01,0.015
7,0,0,1,0.46,0.345,0.11,0.3755,0.1525,0.058,0.125
14,1,0,0,0.665,0.535,0.155,1.383,0.596,0.2565,0.485
7,0,0,1,0.425,0.31,0.09,0.301,0.1385,0.065,0.08
9,1,0,0,0.51,0.38,0.135,0.681,0.3435,0.142,0.17
11,0,1,0,0.52,0.405,0.12,0.627,0.2645,0.1415,0.181
5,1,0,0,0.28,0.205,0.1,0.1165,0.0545,0.0285,0.03
8,0,0,1,0.29,0.205,0.07,0.0975,0.036,0.019,0.035
15,0,1,0,0.605,0.495,0.19,1.437,0.469,0.2655,0.41
7,1,0,0,0.575,0.45,0.155,0.948,0.429,0.206,0.259
9,0,0,1,0.525,0.375,0.12,0.6315,0.3045,0.114,0.19
7,0,0,1,0.375,0.27,0.085,0.218,0.0945,0.039,0.07
9,0,0,1,0.58,0.445,0.125,0.7095,0.303,0.1405,0.235
6,0,0,1,0.415,0.31,0.105,0.3595,0.167,0.083,0.0915
13,0,0,1,0.32,0.245,0.08,0.1585,0.0635,0.0325,0.05
8,1,0,0,0.56,0.42,0.15,0.8755,0.44,0.1965,0.2315
6,1,0,0,0.32,0.24,0.08,0.18,0.08,0.0385,0.055
7,1,0,0,0.57,0.46,0.17,0.9035,0.4075,0.1935,0.214
7,0,0,1,0.38,0.29,0.085,0.2285,0.088,0.0465,0.075
14,1,0,0,0.645,0.5,0.19,1.5595,0.741,0.3715,0.3845
17,0,0,1,0.59,0.465,0.195,1.0885,0.3685,0.187,0.375
12,0,1,0,0.565,0.44,0.16,0.915,0.354,0.1935,0.32
8,0,0,1,0.485,0.38,0.125,0.5215,0.2215,0.118,0.16
8,1,0,0,0.37,0.28,0.105,0.224,0.0815,0.0575,0.075
15,1,0,0,0.57,0.43,0.12,1.0615,0.348,0.167,0.31
11,1,0,0,0.69,0.55,0.18,1.6915,0.6655,0.402,0.5
6,0,0,1,0.36,0.27,0.09,0.219,0.097,0.0405,0.065
8,1,0,0,0.37,0.28,0.1,0.252,0.1065,0.0595,0.074
12,0,1,0,0.48,0.38,0.145,0.59,0.232,0.141,0.23
9,0,1,0,0.64,0.5,0.15,1.2015,0.559,0.231,0.3355
11,1,0,0,0.695,0.54,0.195,1.691,0.768,0.363,0.4755
8,0,1,0,0.5,0.38,0.14,0.6355,0.277,0.143,0.1785
6,1,0,0,0.53,0.41,0.14,0.681,0.3095,0.1415,0.1835
12,1,0,0,0.57,0.45,0.16,0.8615,0.3725,0.2175,0.255
11,0,1,0,0.515,0.425,0.135,0.712,0.2665,0.1605,0.25
6,0,0,1,0.325,0.245,0.07,0.161,0.0755,0.0255,0.045
15,0,1,0,0.56,0.435,0.185,1.106,0.422,0.2435,0.33
15,0,1,0,0.645,0.5,0.225,1.626,0.587,0.4055,0.41
10,0,1,0,0.68,0.52,0.185,1.541,0.5985,0.395,0.4575
4,0,0,1,0.28,0.12,0.075,0.117,0.0455,0.029,0.0345
9,0,1,0,0.625,0.515,0.16,1.264,0.5715,0.326,0.321
10,0,1,0,0.37,0.28,0.11,0.2305,0.0945,0.0465,0.075
12,1,0,0,0.395,0.295,0.115,0.316,0.1205,0.0595,0.1105
8,0,1,0,0.6,0.46,0.155,0.9735,0.427,0.2045,0.3
9,1,0,0,0.46,0.375,0.13,0.5735,0.2505,0.119,0.195
9,1,0,0,0.595,0.46,0.14,0.852,0.4215,0.2255,0.227
9,0,1,0,0.57,0.45,0.18,0.908,0.4015,0.217,0.255
12,1,0,0,0.72,0.565,0.2,2.1055,1.017,0.363,0.494
18,1,0,0,0.605,0.49,0.18,1.227,0.48,0.287,0.35
9,0,0,1,0.53,0.43,0.16,0.7245,0.321,0.1275,0.24
9,0,0,1,0.41,0.31,0.11,0.315,0.124,0.082,0.095
11,1,0,0,0.67,0.545,0.2,1.7025,0.833,0.374,0.41
11,1,0,0,0.63,0.505,0.155,1.105,0.492,0.226,0.325
13,0,1,0,0.525,0.415,0.17,0.8325,0.2755,0.1685,0.31
9,0,1,0,0.545,0.385,0.15,1.1185,0.5425,0.2445,0.2845
8,0,0,1,0.595,0.46,0.15,0.8335,0.377,0.1925,0.235
9,1,0,0,0.575,0.45,0.13,0.785,0.318,0.193,0.2265
9,1,0,0,0.605,0.49,0.18,1.167,0.457,0.29,0.3745
8,0,1,0,0.46,0.425,0.155,0.746,0.3005,0.152,0.24
9,0,1,0,0.585,0.45,0.145,0.9835,0.4845,0.242,0.22
11,1,0,0,0.685,0.55,0.2,1.7725,0.813,0.387,0.49
9,1,0,0,0.4,0.305,0.13,0.2935,0.096,0.0675,0.105
10,1,0,0,0.62,0.48,0.165,1.0855,0.481,0.2575,0.305
12,1,0,0,0.415,0.315,0.125,0.388,0.068,0.09,0.125
5,0,0,1,0.315,0.235,0.08,0.18,0.08,0.045,0.047
8,1,0,0,0.505,0.44,0.14,0.8275,0.3415,0.1855,0.239
9,1,0,0,0.58,0.49,0.13,1.1335,0.586,0.2565,0.237
10,0,0,1,0.52,0.4,0.13,0.5825,0.233,0.1365,0.18
6,0,0,1,0.24,0.185,0.07,0.0715,0.026,0.018,0.025
13,0,1,0,0.605,0.45,0.195,1.098,0.481,0.2895,0.315
7,1,0,0,0.31,0.225,0.08,0.1345,0.054,0.024,0.05
9,0,1,0,0.545,0.41,0.115,0.6765,0.29,0.158,0.22
9,1,0,0,0.54,0.435,0.14,0.7345,0.33,0.1595,0.213
10,0,1,0,0.575,0.47,0.155,1.116,0.509,0.238,0.34
8,0,0,1,0.48,0.355,0.115,0.5785,0.25,0.106,0.184
10,0,1,0,0.505,0.375,0.115,0.5895,0.2635,0.12,0.167
13,1,0,0,0.455,0.345,0.15,0.5795,0.1685,0.125,0.215
6,0,0,1,0.33,0.23,0.085,0.1695,0.079,0.026,0.0505
14,0,1,0,0.57,0.495,0.16,1.0915,0.452,0.275,0.315
11,1,0,0,0.5,0.39,0.145,0.651,0.273,0.132,0.22
7,1,0,0,0.475,0.36,0.1,0.4285,0.1965,0.099,0.112
8,0,0,1,0.535,0.4,0.135,0.775,0.368,0.208,0.2055
11,1,0,0,0.51,0.395,0.125,0.5805,0.244,0.1335,0.188
8,1,0,0,0.515,0.39,0.14,0.678,0.341,0.1325,0.119
7,1,0,0,0.335,0.25,0.09,0.181,0.0755,0.0415,0.06
22,0,1,0,0.64,0.525,0.215,1.779,0.4535,0.2855,0.55
10,0,1,0,0.58,0.425,0.155,0.873,0.3615,0.249,0.239
11,0,1,0,0.495,0.385,0.135,0.6625,0.3005,0.1635,0.185
9,0,0,1,0.575,0.45,0.145,0.872,0.4675,0.18,0.217
6,0,0,1,0.34,0.245,0.085,0.2015,0.1005,0.038,0.053
14,1,0,0,0.46,0.36,0.135,0.6105,0.1955,0.107,0.235
9,0,1,0,0.605,0.485,0.16,1.201,0.417,0.2875,0.38
7,1,0,0,0.455,0.375,0.125,0.484,0.2155,0.102,0.165
15,0,1,0,0.665,0.53,0.185,1.3955,0.456,0.3205,0.49
7,0,0,1,0.48,0.36,0.125,0.542,0.2795,0.1025,0.147
22,0,1,0,0.585,0.45,0.17,0.8685,0.3325,0.1635,0.27
11,1,0,0,0.64,0.575,0.175,1.4585,0.625,0.266,0.4395
8,0,1,0,0.535,0.42,0.13,0.699,0.3125,0.1565,0.2035
7,0,0,1,0.435,0.335,0.11,0.411,0.2025,0.0945,0.1
13,1,0,0,0.545,0.42,0.125,0.9745,0.353,0.174,0.305
8,0,1,0,0.58,0.45,0.145,1.137,0.5585,0.22,0.29
7,0,0,1,0.465,0.37,0.1,0.5055,0.234,0.11,0.14
11,1,0,0,0.63,0.485,0.18,1.2435,0.5175,0.308,0.37
7,0,0,1,0.38,0.28,0.095,0.2885,0.165,0.0435,0.067
8,1,0,0,0.295,0.23,0.085,0.125,0.042,0.0285,0.043
13,1,0,0,0.625,0.465,0.14,1.195,0.4825,0.205,0.4
13,1,0,0,0.72,0.58,0.19,2.0885,0.9955,0.478,0.5305
14,0,1,0,0.67,0.54,0.165,1.5015,0.518,0.358,0.505
9,0,0,1,0.48,0.355,0.125,0.494,0.2385,0.0835,0.15
9,0,1,0,0.435,0.335,0.11,0.38,0.1695,0.086,0.11
7,0,0,1,0.44,0.34,0.1,0.379,0.1725,0.0815,0.101
15,0,1,0,0.68,0.56,0.165,1.639,0.6055,0.2805,0.46
5,0,0,1,0.395,0.27,0.1,0.2985,0.1445,0.061,0.082
18,1,0,0,0.665,0.525,0.165,1.338,0.5515,0.3575,0.35
10,1,0,0,0.505,0.385,0.115,0.4825,0.21,0.1035,0.1535
10,0,1,0,0.58,0.46,0.185,1.017,0.3515,0.2,0.32
9,0,0,1,0.53,0.42,0.14,0.6765,0.256,0.1855,0.208
11,1,0,0,0.735,0.585,0.185,2.124,0.952,0.55,0.5
9,0,1,0,0.62,0.475,0.16,1.3245,0.6865,0.233,0.3275
9,0,1,0,0.705,0.54,0.205,1.757,0.8265,0.417,0.461
9,0,1,0,0.595,0.465,0.15,1.0765,0.491,0.22,0.287
16,1,0,0,0.44,0.35,0.14,0.451,0.171,0.0705,0.184
13,1,0,0,0.475,0.395,0.135,0.592,0.2465,0.1645,0.2
7,0,0,1,0.41,0.31,0.09,0.339,0.155,0.0695,0.09
8,1,0,0,0.415,0.31,0.09,0.3245,0.1305,0.0735,0.115
10,0,1,0,0.595,0.475,0.165,1.148,0.444,0.214,0.37
8,0,0,1,0.485,0.365,0.14,0.4475,0.1895,0.0925,0.2305
10,1,0,0,0.625,0.52,0.175,1.4105,0.691,0.322,0.3465
8,1,0,0,0.59,0.45,0.155,0.874,0.369,0.2135,0.24
10,0,1,0,0.495,0.385,0.13,0.6905,0.3125,0.179,0.175
8,0,0,1,0.36,0.28,0.09,0.2255,0.0885,0.04,0.09
5,0,0,1,0.31,0.225,0.07,0.1055,0.435,0.015,0.04
9,0,1,0,0.545,0.445,0.15,0.8,0.3535,0.163,0.207
11,1,0,0,0.68,0.52,0.175,1.543,0.7525,0.351,0.374
18,0,1,0,0.61,0.485,0.165,1.0915,0.3935,0.2435,0.33
11,0,1,0,0.65,0.5,0.17,1.4045,0.694,0.318,0.3235
8,0,0,1,0.445,0.355,0.095,0.3615,0.1415,0.0785,0.12
6,0,1,0,0.585,0.45,0.125,0.874,0.3545,0.2075,0.225
7,0,0,1,0.315,0.23,0.09,0.1285,0.043,0.04,0.04
9,1,0,0,0.425,0.335,0.1,0.4085,0.1755,0.092,0.135
10,0,1,0,0.645,0.515,0.15,1.212,0.515,0.2055,0.385
12,0,0,1,0.62,0.485,0.18,1.154,0.4935,0.256,0.315
10,0,1,0,0.36,0.265,0.09,0.2165,0.096,0.037,0.0735
11,0,1,0,0.58,0.465,0.165,1.1015,0.404,0.2095,0.35
13,1,0,0,0.415,0.345,0.135,0.3865,0.128,0.07,0.148
8,1,0,0,0.555,0.44,0.145,0.85,0.4165,0.1685,0.23
7,0,1,0,0.455,0.35,0.12,0.4555,0.1945,0.1045,0.1375
12,0,1,0,0.45,0.36,0.11,0.447,0.203,0.082,0.13
14,1,0,0,0.48,0.38,0.135,0.528,0.2,0.1395,0.16
5,0,0,1,0.325,0.245,0.075,0.1495,0.0605,0.033,0.045
4,0,0,1,0.255,0.195,0.055,0.0725,0.0285,0.017,0.021
9,0,1,0,0.7,0.525,0.19,1.6465,0.8545,0.307,0.3995
7,0,0,1,0.33,0.26,0.08,0.19,0.0765,0.0385,0.065
10,1,0,0,0.755,0.58,0.205,2.0065,0.8295,0.4015,0.595
11,1,0,0,0.6,0.475,0.15,1.089,0.5195,0.223,0.292
10,0,0,1,0.495,0.385,0.125,0.5125,0.2075,0.1155,0.172
9,0,0,1,0.555,0.43,0.14,0.7665,0.341,0.165,0.23
13,1,0,0,0.62,0.49,0.19,1.218,0.5455,0.2965,0.355
6,0,0,1,0.45,0.34,0.12,0.4925,0.241,0.1075,0.12
9,0,0,1,0.475,0.355,0.125,0.4865,0.2155,0.1105,0.142
8,0,0,1,0.545,0.42,0.125,0.717,0.358,0.112,0.22
11,0,1,0,0.7,0.55,0.17,1.684,0.7535,0.3265,0.32
10,0,0,1,0.595,0.47,0.135,0.9365,0.434,0.184,0.287
8,0,0,1,0.515,0.395,0.125,0.6635,0.32,0.14,0.17
12,1,0,0,0.665,0.52,0.175,1.3725,0.606,0.32,0.395
7,0,0,1,0.52,0.38,0.115,0.6645,0.3285,0.17,0.1425
9,0,1,0,0.55,0.445,0.155,0.9905,0.544,0.178,0.218
10,0,1,0,0.73,0.57,0.165,2.0165,1.0685,0.418,0.435
9,0,1,0,0.545,0.41,0.14,0.7405,0.3565,0.1775,0.203
10,0,1,0,0.665,0.51,0.175,1.3805,0.675,0.2985,0.325
11,1,0,0,0.635,0.495,0.195,1.172,0.445,0.3115,0.3475
6,0,0,1,0.47,0.355,0.12,0.3685,0.126,0.0835,0.1365
10,1,0,0,0.575,0.44,0.185,1.025,0.5075,0.2245,0.2485
17,0,1,0,0.63,0.48,0.175,1.3675,0.5015,0.3035,0.515
11,1,0,0,0.525,0.4,0.13,0.8295,0.2405,0.1825,0.275
7,0,0,1,0.43,0.32,0.1,0.3465,0.1635,0.08,0.09
10,0,1,0,0.455,0.375,0.125,0.458,0.1985,0.111,0.12
6,0,0,1,0.425,0.325,0.1,0.398,0.1185,0.0645,0.0945
13,0,1,0,0.645,0.5,0.18,1.2785,0.5345,0.2995,0.345
10,0,1,0,0.65,0.505,0.175,1.2075,0.5105,0.262,0.39
9,0,1,0,0.55,0.43,0.14,0.7135,0.2565,0.186,0.225
9,0,1,0,0.66,0.505,0.19,1.4045,0.6255,0.3375,0.3745
9,1,0,0,0.625,0.495,0.155,1.025,0.46,0.1945,0.34
11,1,0,0,0.72,0.545,0.195,1.7475,0.8215,0.383,0.4705
11,1,0,0,0.6,0.48,0.155,1.014,0.451,0.1885,0.325
5,0,0,1,0.2,0.145,0.025,0.0345,0.011,0.0075,0.01
11,1,0,0,0.52,0.42,0.16,0.745,0.255,0.157,0.2885
9,1,0,0,0.35,0.26,0.09,0.195,0.0745,0.041,0.0655
8,1,0,0,0.59,0.47,0.15,0.861,0.413,0.164,0.249
9,0,1,0,0.61,0.45,0.16,1.136,0.414,0.311,0.3
9,0,1,0,0.615,0.495,0.155,1.0805,0.52,0.19,0.32
7,0,0,1,0.46,0.345,0.12,0.4155,0.198,0.0885,0.107
9,0,1,0,0.655,0.49,0.16,1.204,0.5455,0.2615,0.3225
11,1,0,0,0.625,0.485,0.17,1.437,0.5855,0.293,0.475
5,0,0,1,0.21,0.15,0.055,0.0465,0.017,0.012,0.015
11,0,1,0,0.58,0.45,0.185,0.9955,0.3945,0.272,0.285
11,1,0,0,0.685,0.53,0.17,1.56,0.647,0.383,0.465
11,1,0,0,0.355,0.28,0.095,0.2455,0.0955,0.062,0.075
9,1,0,0,0.64,0.49,0.155,1.1285,0.477,0.269,0.34
12,1,0,0,0.46,0.375,0.135,0.4935,0.186,0.0845,0.17
9,1,0,0,0.495,0.375,0.155,0.976,0.45,0.2285,0.2475
5,0,0,1,0.24,0.175,0.045,0.07,0.0315,0.0235,0.02
11,1,0,0,0.57,0.455,0.15,0.96,0.387,0.2385,0.275
8,0,0,1,0.48,0.35,0.135,0.5465,0.2735,0.0995,0.158
7,0,0,1,0.37,0.275,0.1,0.22,0.094,0.045,0.065
9,0,1,0,0.65,0.5,0.185,1.4415,0.741,0.2955,0.341
21,0,1,0,0.63,0.485,0.19,1.2435,0.4635,0.3055,0.39
8,0,1,0,0.595,0.465,0.15,1.1005,0.5415,0.166,0.265
19,1,0,0,0.63,0.515,0.16,1.016,0.4215,0.244,0.355
9,0,0,1,0.585,0.46,0.14,0.7635,0.326,0.153,0.265
11,1,0,0,0.675,0.51,0.17,1.527,0.809,0.318,0.341
9,0,1,0,0.53,0.395,0.115,0.5685,0.249,0.1375,0.161
9,1,0,0,0.5,0.405,0.14,0.6155,0.241,0.1355,0.205
14,0,1,0,0.63,0.5,0.16,1.22,0.4905,0.3,0.345
14,0,1,0,0.615,0.47,0.175,1.2985,0.5135,0.343,0.32
14,1,0,0,0.53,0.44,0.205,0.835,0.32,0.2175,0.245
9,1,0,0,0.58,0.44,0.16,0.8295,0.3365,0.2005,0.2485
7,0,1,0,0.35,0.265,0.09,0.1855,0.0745,0.0415,0.06
13,1,0,0,0.49,0.39,0.14,0.707,0.2795,0.2185,0.18
9,0,0,1,0.455,0.355,0.08,0.452,0.2165,0.0995,0.125
8,0,1,0,0.59,0.46,0.145,0.9905,0.453,0.2205,0.275
9,1,0,0,0.61,0.475,0.15,1.142,0.62,0.237,0.245
13,1,0,0,0.57,0.44,0.155,1.116,0.4775,0.2315,0.27
5,0,0,1,0.32,0.235,0.065,0.1385,0.058,0.0225,0.05
10,0,0,1,0.55,0.435,0.14,0.7995,0.295,0.1905,0.238
9,0,0,1,0.5,0.38,0.11,0.5605,0.28,0.106,0.15
6,0,0,1,0.41,0.305,0.095,0.2625,0.1,0.0515,0.09
10,1,0,0,0.64,0.515,0.165,1.369,0.632,0.3415,0.358
9,1,0,0,0.375,0.29,0.1,0.276,0.1175,0.0565,0.085
7,0,0,1,0.46,0.36,0.1,0.4635,0.2325,0.093,0.115
7,1,0,0,0.515,0.41,0.14,0.7355,0.3065,0.137,0.2
6,0,0,1,0.38,0.285,0.085,0.237,0.115,0.0405,0.07
9,0,1,0,0.66,0.5,0.175,1.3275,0.556,0.2805,0.4085
9,1,0,0,0.44,0.335,0.11,0.394,0.157,0.096,0.122
7,0,0,1,0.41,0.305,0.09,0.3535,0.157,0.0745,0.1
16,1,0,0,0.725,0.565,0.215,1.891,0.6975,0.4725,0.58
7,0,0,1,0.375,0.285,0.09,0.257,0.1045,0.062,0.075
11,1,0,0,0.585,0.45,0.15,0.997,0.4055,0.283,0.251
6,0,1,0,0.66,0.475,0.18,1.3695,0.641,0.294,0.335
10,1,0,0,0.55,0.43,0.18,0.8265,0.4405,0.159,0.225
6,0,0,1,0.27,0.205,0.05,0.084,0.03,0.0185,0.029
8,0,1,0,0.48,0.38,0.12,0.608,0.2705,0.1405,0.185
9,0,0,1,0.5,0.375,0.14,0.559,0.2375,0.135,0.169
10,0,1,0,0.47,0.375,0.125,0.5615,0.252,0.137,0.18
9,1,0,0,0.61,0.485,0.17,1.281,0.597,0.3035,0.33
8,0,1,0,0.415,0.305,0.13,0.32,0.1305,0.0755,0.105
9,0,1,0,0.61,0.495,0.165,1.0835,0.4525,0.273,0.317
11,0,1,0,0.595,0.47,0.155,1.121,0.4515,0.178,0.155
9,0,0,1,0.53,0.43,0.13,0.7045,0.346,0.1415,0.189
14,0,1,0,0.695,0.53,0.2,2.0475,0.75,0.4195,0.6095
9,1,0,0,0.585,0.46,0.145,0.9335,0.478,0.1825,0.235
10,1,0,0,0.635,0.51,0.155,0.986,0.405,0.2255,0.31
12,0,0,1,0.625,0.47,0.155,1.1955,0.643,0.2055,0.3145
8,0,0,1,0.47,0.345,0.12,0.3685,0.1525,0.0615,0.125
17,1,0,0,0.62,0.495,0.175,1.806,0.643,0.3285,0.725
9,0,0,1,0.44,0.34,0.12,0.438,0.2115,0.083,0.12
11,0,1,0,0.61,0.475,0.14,1.133,0.5275,0.2355,0.35
12,0,0,1,0.415,0.325,0.115,0.3285,0.1405,0.051,0.106
7,1,0,0,0.27,0.195,0.07,0.106,0.0465,0.018,0.036
11,1,0,0,0.685,0.535,0.175,1.432,0.637,0.247,0.46
8,1,0,0,0.58,0.455,0.13,0.852,0.41,0.1725,0.225
12,0,1,0,0.56,0.46,0.18,0.97,0.342,0.196,0.355
20,1,0,0,0.615,0.525,0.155,1.1375,0.367,0.236,0.37
9,0,0,1,0.57,0.435,0.17,0.848,0.4,0.166,0.25
8,0,0,1,0.47,0.375,0.125,0.5225,0.2265,0.104,0.162
5,0,0,1,0.3,0.22,0.08,0.121,0.0475,0.042,0.035
14,1,0,0,0.515,0.38,0.175,0.9565,0.325,0.158,0.31
8,0,0,1,0.35,0.255,0.09,0.1785,0.0855,0.0305,0.0525
11,1,0,0,0.61,0.47,0.15,1.1625,0.565,0.258,0.3085
9,1,0,0,0.625,0.495,0.155,1.177,0.5055,0.278,0.345
9,0,0,1,0.55,0.425,0.135,0.7305,0.3325,0.1545,0.215
7,0,0,1,0.41,0.335,0.11,0.33,0.157,0.0705,0.17
14,1,0,0,0.49,0.42,0.125,0.609,0.239,0.1435,0.22
9,0,0,1,0.355,0.27,0.105,0.271,0.1425,0.0525,0.0735
18,1,0,0,0.425,0.315,0.125,0.3525,0.1135,0.0565,0.13
10,1,0,0,0.625,0.505,0.185,1.1565,0.52,0.2405,0.3535
9,0,1,0,0.45,0.345,0.12,0.4165,0.1655,0.095,0.135
10,0,0,1,0.62,0.45,0.135,0.924,0.358,0.2265,0.2965
9,1,0,0,0.445,0.34,0.12,0.4475,0.193,0.1035,0.13
9,0,0,1,0.575,0.455,0.16,0.9895,0.495,0.195,0.246
9,1,0,0,0.41,0.315,0.095,0.306,0.121,0.0735,0.09
9,0,0,1,0.515,0.39,0.12,0.565,0.235,0.135,0.179
8,0,0,1,0.485,0.375,0.13,0.5535,0.266,0.112,0.157
16,0,1,0,0.615,0.5,0.205,1.1055,0.4445,0.227,0.39
10,0,1,0,0.515,0.415,0.14,0.6935,0.3115,0.152,0.2
11,1,0,0,0.64,0.505,0.18,1.297,0.59,0.3125,0.363
8,0,0,1,0.475,0.375,0.11,0.494,0.211,0.109,0.1545
8,0,0,1,0.49,0.375,0.125,0.5445,0.279,0.115,0.13
6,0,0,1,0.37,0.27,0.095,0.2175,0.097,0.046,0.065
6,0,0,1,0.415,0.31,0.1,0.2805,0.114,0.0565,0.0975
9,0,1,0,0.635,0.505,0.17,1.2635,0.512,0.322,0.355
11,0,1,0,0.625,0.47,0.145,0.984,0.475,0.2,0.265
12,1,0,0,0.645,0.5,0.175,1.5105,0.6735,0.3755,0.3775
13,0,0,1,0.46,0.355,0.14,0.4935,0.216,0.133,0.115
21,0,1,0,0.56,0.455,0.125,0.943,0.344,0.129,0.375
13,1,0,0,0.67,0.51,0.18,1.68,0.926,0.2975,0.3935
9,1,0,0,0.63,0.505,0.17,1.0915,0.4615,0.266,0.3
13,1,0,0,0.595,0.465,0.175,1.115,0.4015,0.254,0.39
12,1,0,0,0.63,0.505,0.175,1.221,0.555,0.252,0.34
9,0,1,0,0.65,0.5,0.16,1.3825,0.702,0.304,0.3195
10,0,0,1,0.55,0.435,0.14,0.7535,0.3285,0.1555,0.2325
8,0,1,0,0.575,0.48,0.15,0.897,0.4235,0.1905,0.248
10,1,0,0,0.77,0.6,0.215,2.1945,1.0515,0.482,0.584
9,1,0,0,0.53,0.405,0.13,0.738,0.2845,0.17,0.193
7,0,0,1,0.34,0.25,0.075,0.1765,0.0785,0.0405,0.05
7,0,0,1,0.39,0.29,0.1,0.2225,0.095,0.0465,0.073
7,1,0,0,0.42,0.345,0.105,0.43,0.175,0.096,0.13
10,1,0,0,0.595,0.475,0.14,1.0305,0.4925,0.217,0.278
9,0,0,1,0.48,0.37,0.125,0.474,0.179,0.1035,0.175
15,0,1,0,0.61,0.49,0.17,1.1775,0.5655,0.2385,0.295
8,0,1,0,0.565,0.4,0.13,0.6975,0.3075,0.1665,0.18
10,0,1,0,0.71,0.5,0.15,1.3165,0.6835,0.2815,0.28
9,1,0,0,0.565,0.445,0.14,0.836,0.406,0.1605,0.2245
8,0,0,1,0.39,0.3,0.105,0.259,0.0955,0.038,0.085
9,1,0,0,0.575,0.45,0.135,0.9215,0.354,0.209,0.2365
10,0,1,0,0.705,0.535,0.22,1.866,0.929,0.3835,0.4395
10,0,1,0,0.6,0.47,0.19,1.1345,0.492,0.2595,0.3375
20,0,1,0,0.61,0.485,0.21,1.3445,0.535,0.2205,0.515
9,0,0,1,0.475,0.375,0.11,0.456,0.182,0.099,0.16
13,0,1,0,0.67,0.52,0.15,1.406,0.519,0.348,0.37
11,0,1,0,0.675,0.51,0.185,1.473,0.6295,0.3025,0.4245
5,0,0,1,0.28,0.21,0.085,0.1075,0.0415,0.024,0.034
13,0,1,0,0.655,0.5,0.22,1.359,0.642,0.3255,0.405
14,1,0,0,0.585,0.45,0.15,1.047,0.4315,0.276,0.315
18,0,0,1,0.58,0.49,0.195,1.3165,0.5305,0.254,0.41
9,0,1,0,0.515,0.42,0.135,0.6295,0.2815,0.127,0.215
11,1,0,0,0.375,0.3,0.1,0.2465,0.104,0.0475,0.083
14,0,1,0,0.5,0.44,0.155,0.742,0.2025,0.2005,0.2115
12,0,1,0,0.61,0.49,0.17,1.137,0.4605,0.2825,0.344
9,1,0,0,0.575,0.47,0.15,0.9785,0.4505,0.196,0.276
9,0,1,0,0.625,0.49,0.11,1.136,0.5265,0.1915,0.2925
4,0,0,1,0.26,0.205,0.07,0.097,0.0415,0.019,0.0305
11,1,0,0,0.75,0.55,0.18,1.893,0.942,0.397,0.445
8,0,1,0,0.62,0.435,0.155,1.012,0.477,0.236,0.275
10,1,0,0,0.625,0.515,0.165,1.217,0.667,0.2065,0.3115
10,0,1,0,0.55,0.45,0.15,0.875,0.362,0.1755,0.2765
14,0,1,0,0.73,0.55,0.205,1.908,0.5415,0.3565,0.5965
10,1,0,0,0.57,0.435,0.17,0.873,0.382,0.183,0.2705
10,0,1,0,0.62,0.48,0.165,1.0125,0.5325,0.4365,0.324
8,0,0,1,0.39,0.28,0.09,0.215,0.0845,0.034,0.079
8,0,1,0,0.555,0.42,0.11,0.931,0.4445,0.171,0.225
18,0,1,0,0.58,0.455,0.155,0.8365,0.315,0.1385,0.32
6,0,0,1,0.425,0.34,0.1,0.382,0.164,0.096,0.1
5,0,0,1,0.275,0.2,0.065,0.092,0.0385,0.0235,0.027
11,1,0,0,0.71,0.56,0.22,2.015,0.9215,0.454,0.566
10,0,0,1,0.68,0.53,0.185,1.1095,0.439,0.245,0.34
6,1,0,0,0.38,0.27,0.095,0.219,0.0835,0.0515,0.07
15,1,0,0,0.645,0.495,0.185,1.4935,0.5265,0.2785,0.455
9,0,0,1,0.53,0.405,0.13,0.6615,0.2945,0.1395,0.19
8,1,0,0,0.525,0.4,0.14,0.7205,0.3685,0.145,0.1735
11,0,1,0,0.49,0.385,0.125,0.5395,0.2175,0.128,0.165
10,1,0,0,0.685,0.51,0.165,1.545,0.686,0.3775,0.4055
7,0,0,1,0.425,0.31,0.095,0.3075,0.139,0.0745,0.093
7,0,0,1,0.355,0.28,0.085,0.2905,0.095,0.0395,0.115
11,1,0,0,0.63,0.49,0.19,1.1775,0.4935,0.3365,0.285
10,1,0,0,0.625,0.475,0.16,1.0845,0.5005,0.2355,0.3105
8,0,0,1,0.455,0.345,0.11,0.434,0.207,0.0855,0.1215
10,0,1,0,0.415,0.34,0.13,0.3675,0.146,0.0885,0.12
10,1,0,0,0.645,0.505,0.165,1.307,0.4335,0.262,0.52
8,0,0,1,0.455,0.325,0.135,0.82,0.4005,0.1715,0.211
11,0,1,0,0.655,0.515,0.18,1.412,0.6195,0.2485,0.497
11,0,1,0,0.66,0.53,0.185,1.346,0.546,0.2705,0.476
11,1,0,0,0.625,0.49,0.185,1.169,0.5275,0.2535,0.344
10,0,1,0,0.665,0.5,0.15,1.2475,0.4625,0.2955,0.3595
3,1,0,0,0.21,0.15,0.05,0.0385,0.0155,0.0085,0.01
7,1,0,0,0.465,0.36,0.115,0.5795,0.295,0.1395,0.12
4,0,0,1,0.245,0.205,0.06,0.0765,0.034,0.014,0.0215
9,1,0,0,0.625,0.455,0.17,1.082,0.4955,0.2345,0.315
9,1,0,0,0.595,0.455,0.15,1.044,0.518,0.2205,0.27
9,1,0,0,0.57,0.45,0.135,1.02,0.546,0.204,0.25
9,0,1,0,0.655,0.52,0.2,1.5475,0.713,0.314,0.466
8,1,0,0,0.255,0.195,0.065,0.08,0.0315,0.018,0.027
10,0,1,0,0.57,0.465,0.16,0.8935,0.3145,0.2575,0.263
6,0,0,1,0.375,0.28,0.08,0.2235,0.115,0.043,0.055
6,0,0,1,0.4,0.315,0.09,0.33,0.151,0.068,0.08
9,0,0,1,0.295,0.225,0.08,0.124,0.0485,0.032,0.04
12,0,1,0,0.64,0.5,0.17,1.12,0.4955,0.2645,0.32
9,0,1,0,0.55,0.47,0.15,0.897,0.377,0.184,0.29
13,1,0,0,0.53,0.425,0.11,0.739,0.237,0.161,0.295
11,1,0,0,0.625,0.47,0.17,1.1665,0.4605,0.2565,0.3945
15,1,0,0,0.59,0.475,0.145,1.053,0.4415,0.262,0.325
8,0,0,1,0.53,0.38,0.125,0.616,0.292,0.113,0.185
9,0,0,1,0.46,0.35,0.105,0.3705,0.1575,0.077,0.114
8,0,0,1,0.44,0.34,0.105,0.344,0.123,0.081,0.125
9,0,0,1,0.47,0.345,0.14,0.4615,0.229,0.1105,0.116
11,1,0,0,0.32,0.245,0.075,0.1555,0.0585,0.038,0.049
6,0,0,1,0.405,0.3,0.09,0.2885,0.138,0.0635,0.0765
11,0,1,0,0.65,0.505,0.165,1.16,0.4785,0.274,0.349
10,0,1,0,0.44,0.34,0.13,0.4195,0.153,0.1155,0.13
10,0,0,1,0.57,0.43,0.145,0.833,0.354,0.144,0.2815
20,1,0,0,0.63,0.515,0.165,1.352,0.488,0.349,0.45
7,0,0,1,0.53,0.42,0.12,0.5965,0.2555,0.141,0.177
12,0,1,0,0.52,0.405,0.125,0.6435,0.2415,0.1735,0.21
10,0,0,1,0.485,0.37,0.13,0.458,0.181,0.113,0.136
10,1,0,0,0.465,0.36,0.13,0.5265,0.2105,0.1185,0.165
9,0,0,1,0.44,0.305,0.115,0.379,0.162,0.091,0.11
9,0,0,1,0.44,0.32,0.105,0.3875,0.1755,0.074,0.12
4,0,0,1,0.245,0.18,0.065,0.071,0.03,0.013,0.0215
9,0,0,1,0.35,0.265,0.11,0.209,0.066,0.059,0.075
8,1,0,0,0.535,0.435,0.14,0.874,0.3735,0.229,0.2195
10,1,0,0,0.585,0.48,0.185,1.04,0.434,0.265,0.285
7,1,0,0,0.29,0.23,0.075,0.1165,0.043,0.0255,0.04
11,0,1,0,0.65,0.525,0.19,1.385,0.8875,0.3095,0.405
21,0,1,0,0.625,0.42,0.165,1.0595,0.358,0.165,0.445
10,0,0,1,0.55,0.425,0.155,0.8725,0.412,0.187,0.2425
11,1,0,0,0.6,0.46,0.17,1.1805,0.456,0.337,0.329
10,0,1,0,0.665,0.515,0.18,1.389,0.5945,0.324,0.395
9,0,1,0,0.57,0.43,0.16,0.811,0.3875,0.159,0.2285
9,0,1,0,0.62,0.475,0.15,0.9545,0.455,0.1865,0.277
9,0,1,0,0.625,0.49,0.155,1.115,0.484,0.277,0.3095
6,0,0,1,0.33,0.24,0.075,0.163,0.0745,0.033,0.048
5,0,0,1,0.235,0.13,0.075,0.1585,0.0685,0.037,0.0465
10,1,0,0,0.705,0.565,0.515,2.21,1.1075,0.4865,0.512
10,0,1,0,0.455,0.35,0.14,0.5725,0.1965,0.1325,0.175
8,1,0,0,0.35,0.275,0.11,0.2925,0.1225,0.0635,0.0905
9,1,0,0,0.665,0.5,0.175,1.2975,0.6075,0.314,0.315
8,0,1,0,0.58,0.445,0.145,0.888,0.41,0.1815,0.2425
15,0,1,0,0.64,0.54,0.175,1.221,0.51,0.259,0.39
9,0,1,0,0.56,0.435,0.15,0.8715,0.4755,0.1835,0.1835
16,0,0,1,0.635,0.5,0.18,1.319,0.5485,0.292,0.49
10,0,1,0,0.525,0.425,0.14,0.8735,0.4205,0.182,0.2225
14,0,1,0,0.605,0.495,0.17,1.2385,0.528,0.2465,0.39
9,0,1,0,0.555,0.43,0.14,0.7545,0.3525,0.1835,0.2015
9,0,0,1,0.45,0.33,0.105,0.448,0.208,0.089,0.12
23,0,1,0,0.45,0.38,0.165,0.8165,0.25,0.1915,0.265
4,0,0,1,0.165,0.115,0.015,0.0145,0.0055,0.003,0.005
14,1,0,0,0.57,0.45,0.155,0.91,0.326,0.1895,0.355
7,1,0,0,0.525,0.415,0.135,0.7945,0.394,0.189,0.202
11,1,0,0,0.65,0.52,0.21,1.6785,0.6665,0.308,0.46
9,0,1,0,0.675,0.525,0.155,1.4785,0.628,0.3405,0.42
8,1,0,0,0.51,0.41,0.145,0.796,0.3865,0.1815,0.1955
10,1,0,0,0.4,0.305,0.085,0.297,0.108,0.0705,0.1
20,0,1,0,0.68,0.57,0.205,1.842,0.625,0.408,0.65
11,1,0,0,0.65,0.525,0.19,1.6125,0.777,0.3685,0.3965
11,0,1,0,0.6,0.465,0.155,1.04,0.4755,0.25,0.28
8,1,0,0,0.49,0.385,0.125,0.609,0.3065,0.096,0.1775
9,0,0,1,0.535,0.41,0.13,0.6075,0.268,0.1225,0.1975
5,0,0,1,0.32,0.24,0.09,0.1575,0.07,0.0265,0.0425
10,0,1,0,0.54,0.42,0.145,0.8655,0.4315,0.163,0.2175
9,1,0,0,0.62,0.49,0.15,1.195,0.4605,0.302,0.355
7,0,0,1,0.435,0.325,0.12,0.346,0.159,0.084,0.095
15,0,1,0,0.53,0.415,0.16,0.783,0.2935,0.158,0.245
8,0,0,1,0.46,0.37,0.11,0.3965,0.1485,0.0855,0.1455
6,0,0,1,0.33,0.265,0.09,0.18,0.068,0.036,0.06
8,1,0,0,0.49,0.355,0.155,0.981,0.465,0.2015,0.2505
16,0,1,0,0.535,0.405,0.125,0.927,0.26,0.1425,0.345
11,0,1,0,0.64,0.5,0.165,1.1635,0.554,0.239,0.32
7,0,0,1,0.355,0.27,0.1,0.2255,0.11,0.042,0.064
8,0,0,1,0.545,0.405,0.135,0.5945,0.27,0.1185,0.185
13,0,1,0,0.475,0.375,0.14,0.501,0.192,0.1175,0.175
8,0,0,1,0.575,0.43,0.13,0.7425,0.2895,0.2005,0.22
10,1,0,0,0.66,0.505,0.165,1.374,0.589,0.351,0.345
12,0,0,1,0.45,0.36,0.125,0.45,0.191,0.0865,0.145
13,1,0,0,0.59,0.475,0.155,0.857,0.356,0.174,0.28
9,1,0,0,0.565,0.445,0.145,0.9255,0.4345,0.212,0.2475
14,1,0,0,0.615,0.495,0.2,1.304,0.5795,0.3115,0.371
6,0,0,1,0.58,0.435,0.15,0.8915,0.363,0.1925,0.2515
8,1,0,0,0.58,0.455,0.15,1.114,0.4765,0.2155,0.265
13,0,1,0,0.675,0.555,0.205,1.925,0.713,0.358,0.4535
11,0,1,0,0.675,0.54,0.21,1.593,0.686,0.318,0.45
17,1,0,0,0.625,0.5,0.195,1.369,0.5875,0.2185,0.37
7,0,0,1,0.365,0.275,0.085,0.223,0.098,0.0375,0.075
13,1,0,0,0.675,0.545,0.185,1.7375,0.876,0.3135,0.469
16,0,1,0,0.615,0.515,0.17,1.14,0.4305,0.2245,0.42
20,0,1,0,0.585,0.47,0.17,1.099,0.3975,0.2325,0.358
9,1,0,0,0.635,0.51,0.17,1.3555,0.619,0.305,0.39
7,0,0,1,0.385,0.295,0.085,0.2535,0.103,0.0575,0.085
9,1,0,0,0.295,0.225,0.09,0.1385,0.048,0.046,0.05
15,0,1,0,0.6,0.475,0.15,1.0075,0.4425,0.221,0.28
7,0,0,1,0.475,0.35,0.12,0.4905,0.2035,0.13,0.135
5,0,1,0,0.37,0.275,0.085,0.2405,0.104,0.0535,0.07
11,1,0,0,0.68,0.54,0.195,1.7825,0.5565,0.3235,0.4285
5,0,0,1,0.33,0.25,0.075,0.1405,0.056,0.035,0.05
4,0,0,1,0.255,0.185,0.065,0.074,0.0305,0.0165,0.02
12,0,1,0,0.5,0.405,0.15,0.5965,0.253,0.126,0.185
12,1,0,0,0.55,0.45,0.155,0.7895,0.343,0.159,0.25
11,1,0,0,0.63,0.49,0.17,1.1745,0.5255,0.273,0.339
9,1,0,0,0.555,0.455,0.135,0.837,0.382,0.171,0.235
7,0,0,1,0.275,0.2,0.075,0.086,0.0305,0.019,0.03
11,0,1,0,0.635,0.525,0.18,1.3695,0.634,0.318,0.363
9,1,0,0,0.35,0.255,0.08,0.1915,0.08,0.0385,0.063
10,0,0,1,0.4,0.31,0.1,0.2875,0.1145,0.0635,0.095
9,1,0,0,0.535,0.435,0.15,0.717,0.3475,0.1445,0.194
11,1,0,0,0.655,0.515,0.16,1.31,0.553,0.369,0.345
7,0,0,1,0.42,0.32,0.11,0.3625,0.174,0.0635,0.105
10,1,0,0,0.59,0.455,0.155,0.8855,0.388,0.188,0.275
10,1,0,0,0.6,0.475,0.17,1.1315,0.508,0.272,0.309
10,1,0,0,0.485,0.36,0.13,0.5415,0.2595,0.096,0.16
19,0,0,1,0.52,0.39,0.14,0.7325,0.2415,0.144,0.26
8,0,1,0,0.575,0.465,0.195,0.9965,0.417,0.247,0.47
17,0,1,0,0.665,0.555,0.195,1.4385,0.581,0.354,0.36
8,0,1,0,0.53,0.405,0.15,0.889,0.4055,0.2275,0.215
5,0,0,1,0.215,0.15,0.03,0.0385,0.0115,0.005,0.01
13,1,0,0,0.695,0.55,0.22,1.5515,0.566,0.3835,0.445
6,0,0,1,0.255,0.185,0.06,0.0925,0.039,0.021,0.025
12,0,1,0,0.57,0.45,0.16,0.9715,0.3965,0.255,0.26
12,0,1,0,0.585,0.475,0.185,0.8575,0.3465,0.1785,0.275
16,1,0,0,0.535,0.42,0.165,0.9195,0.3355,0.1985,0.26
8,1,0,0,0.505,0.365,0.115,0.521,0.25,0.096,0.15
6,0,0,1,0.455,0.375,0.12,0.497,0.2355,0.1055,0.1295
10,0,1,0,0.625,0.48,0.17,1.3525,0.6235,0.278,0.365
10,1,0,0,0.54,0.42,0.19,0.6855,0.293,0.163,0.38
20,0,1,0,0.595,0.475,0.17,1.247,0.48,0.225,0.425
13,0,1,0,0.66,0.53,0.17,1.326,0.519,0.2625,0.44
13,1,0,0,0.49,0.38,0.14,0.6385,0.2305,0.142,0.195
8,0,0,1,0.435,0.33,0.105,0.335,0.156,0.0555,0.105
8,1,0,0,0.48,0.36,0.1,0.439,0.194,0.099,0.115
17,0,1,0,0.49,0.36,0.11,0.5005,0.161,0.107,0.195
14,1,0,0,0.45,0.335,0.14,0.4625,0.164,0.076,0.15
9,0,1,0,0.64,0.525,0.175,1.382,0.646,0.3115,0.37
10,1,0,0,0.53,0.43,0.135,0.879,0.28,0.2165,0.25
8,1,0,0,0.59,0.465,0.135,0.9895,0.4235,0.199,0.28
10,0,0,1,0.515,0.415,0.135,0.7125,0.285,0.152,0.245
10,0,1,0,0.66,0.525,0.18,1.5965,0.7765,0.397,0.3605
10,0,1,0,0.66,0.495,0.21,1.548,0.724,0.3525,0.3925
9,0,0,1,0.475,0.34,0.105,0.4535,0.203,0.08,0.1465
10,0,0,1,0.47,0.375,0.105,0.441,0.167,0.0865,0.145
9,1,0,0,0.59,0.475,0.165,1.077,0.4545,0.244,0.3095
13,0,1,0,0.605,0.46,0.17,1.122,0.347,0.3045,0.315
12,0,1,0,0.69,0.54,0.195,1.2525,0.73,0.3975,0.462
8,0,0,1,0.41,0.3,0.09,0.304,0.129,0.071,0.0955
13,0,1,0,0.72,0.575,0.215,2.226,0.8955,0.405,0.62
10,0,1,0,0.64,0.515,0.165,1.3115,0.4945,0.2555,0.41
6,0,0,1,0.37,0.275,0.08,0.2325,0.093,0.056,0.072
10,0,1,0,0.66,0.53,0.17,1.431,0.622,0.309,0.398
12,1,0,0,0.595,0.47,0.175,0.991,0.382,0.2395,0.5
8,1,0,0,0.385,0.275,0.115,0.2685,0.0975,0.0825,0.085
10,1,0,0,0.33,0.235,0.09,0.163,0.0615,0.034,0.055
12,1,0,0,0.455,0.345,0.125,0.44,0.169,0.1065,0.135
9,0,1,0,0.495,0.41,0.125,0.7555,0.3355,0.129,0.214
7,0,1,0,0.305,0.225,0.07,0.1485,0.0585,0.0335,0.045
5,0,0,1,0.32,0.205,0.08,0.181,0.088,0.034,0.0495
18,1,0,0,0.525,0.425,0.12,0.8665,0.2825,0.176,0.29
13,0,0,1,0.575,0.455,0.18,0.8525,0.3015,0.1825,0.3
8,0,0,1,0.54,0.41,0.135,0.7025,0.31,0.177,0.2
7,0,0,1,0.36,0.3,0.085,0.27,0.1185,0.064,0.0745
10,0,1,0,0.615,0.455,0.145,1.1155,0.5045,0.238,0.315
11,0,1,0,0.64,0.485,0.185,1.4195,0.6735,0.3465,0.3255
12,0,0,1,0.5,0.38,0.155,0.6675,0.2745,0.156,0.18
8,1,0,0,0.72,0.565,0.145,1.187,0.691,0.1945,0.2685
13,1,0,0,0.555,0.44,0.135,0.9025,0.3805,0.2105,0.28
8,0,1,0,0.47,0.355,0.18,0.441,0.1525,0.1165,0.135
4,0,0,1,0.2,0.145,0.05,0.036,0.0125,0.008,0.011
14,0,1,0,0.635,0.535,0.19,1.242,0.576,0.2475,0.39
8,0,0,1,0.46,0.355,0.11,0.436,0.1975,0.096,0.125
11,0,1,0,0.585,0.42,0.155,1.034,0.437,0.2225,0.32
9,1,0,0,0.385,0.305,0.09,0.2775,0.109,0.0515,0.1
6,0,0,1,0.36,0.27,0.09,0.2075,0.098,0.039,0.062
9,0,0,1,0.555,0.395,0.13,0.5585,0.222,0.1245,0.17
13,1,0,0,0.7,0.54,0.205,1.74,0.7885,0.373,0.4865
11,0,1,0,0.59,0.475,0.155,0.9715,0.371,0.235,0.28
10,1,0,0,0.655,0.49,0.175,1.3585,0.6395,0.294,0.365
14,0,1,0,0.63,0.475,0.175,1.423,0.4155,0.3385,0.49
11,0,0,1,0.47,0.35,0.13,0.466,0.1845,0.099,0.145
8,0,0,1,0.385,0.285,0.085,0.244,0.1215,0.0445,0.068
9,0,0,1,0.55,0.42,0.155,0.912,0.495,0.1805,0.205
7,0,0,1,0.415,0.325,0.1,0.4665,0.2285,0.1065,0.114
10,0,1,0,0.645,0.5,0.16,1.2465,0.5475,0.327,0.3
13,0,1,0,0.49,0.39,0.135,0.5785,0.2465,0.123,0.2
9,0,1,0,0.6,0.485,0.165,1.1405,0.587,0.2175,0.288
8,1,0,0,0.635,0.51,0.185,1.308,0.544,0.318,0.377
10,0,1,0,0.595,0.46,0.155,1.0455,0.4565,0.24,0.3085
10,0,1,0,0.38,0.325,0.11,0.3105,0.12,0.074,0.105
11,0,1,0,0.635,0.485,0.19,1.3765,0.634,0.2885,0.406
7,0,0,1,0.36,0.265,0.075,0.1845,0.083,0.0365,0.055
11,0,1,0,0.565,0.45,0.165,0.887,0.37,0.239,0.249
9,1,0,0,0.47,0.37,0.18,0.51,0.1915,0.1285,0.1625
20,0,0,1,0.58,0.445,0.17,1.178,0.3935,0.2165,0.315
10,0,1,0,0.55,0.38,0.165,1.205,0.543,0.294,0.3345
12,0,1,0,0.61,0.485,0.15,1.2405,0.6025,0.2915,0.3085
7,0,0,1,0.435,0.33,0.11,0.38,0.1515,0.0945,0.11
8,0,0,1,0.52,0.38,0.125,0.5545,0.288,0.1295,0.167
10,1,0,0,0.715,0.565,0.175,1.9525,0.7645,0.4185,0.4135
11,0,0,1,0.62,0.47,0.155,0.966,0.447,0.171,0.284
14,0,1,0,0.48,0.385,0.135,0.536,0.1895,0.142,0.173
10,0,1,0,0.47,0.355,0.1,0.4755,0.1675,0.0805,0.185
12,0,1,0,0.48,0.375,0.105,0.525,0.2185,0.1195,0.155
10,0,0,1,0.56,0.44,0.14,0.825,0.402,0.139,0.245
13,1,0,0,0.525,0.405,0.16,0.792,0.316,0.1455,0.28
21,1,0,0,0.67,0.55,0.17,1.247,0.472,0.2455,0.4
6,0,1,0,0.345,0.25,0.09,0.203,0.078,0.059,0.055
8,0,0,1,0.475,0.355,0.105,0.468,0.201,0.1115,0.12
16,0,1,0,0.535,0.425,0.155,0.7765,0.302,0.1565,0.25
11,0,0,1,0.61,0.49,0.16,1.1545,0.5865,0.2385,0.2915
6,0,0,1,0.28,0.215,0.07,0.124,0.063,0.0215,0.03
12,1,0,0,0.385,0.285,0.105,0.2905,0.1215,0.0685,0.0875
11,0,1,0,0.66,0.525,0.2,1.463,0.6525,0.2995,0.422
13,0,1,0,0.59,0.475,0.16,1.1015,0.4775,0.2555,0.295
6,0,0,1,0.335,0.25,0.08,0.167,0.0675,0.0325,0.0575
10,0,1,0,0.595,0.48,0.15,1.11,0.498,0.228,0.33
8,0,0,1,0.515,0.39,0.11,0.531,0.2415,0.098,0.1615
17,1,0,0,0.575,0.435,0.15,0.805,0.293,0.1625,0.27
7,1,0,0,0.35,0.265,0.09,0.2255,0.0995,0.0485,0.07
9,0,1,0,0.64,0.5,0.17,1.2645,0.565,0.3375,0.315
10,0,0,1,0.535,0.4,0.145,0.705,0.3065,0.1365,0.22
10,1,0,0,0.7,0.545,0.215,1.9125,0.8825,0.4385,0.506
11,1,0,0,0.695,0.53,0.19,1.726,0.7625,0.436,0.455
16,1,0,0,0.565,0.465,0.15,1.1285,0.377,0.3525,0.33
9,0,1,0,0.545,0.43,0.16,0.844,0.3945,0.1855,0.231
6,0,0,1,0.385,0.29,0.1,0.2575,0.1,0.061,0.086
10,0,0,1,0.57,0.44,0.13,0.7665,0.347,0.1785,0.202
10,1,0,0,0.59,0.49,0.165,1.207,0.559,0.235,0.309
17,0,1,0,0.72,0.56,0.175,1.7265,0.637,0.3415,0.525
7,1,0,0,0.425,0.325,0.095,0.3785,0.1705,0.08,0.1
10,1,0,0,0.55,0.435,0.14,0.7625,0.327,0.1685,0.259
17,0,1,0,0.53,0.42,0.13,1.001,0.34,0.226,0.265
13,1,0,0,0.55,0.425,0.155,0.9175,0.2775,0.243,0.335
6,0,0,1,0.335,0.25,0.08,0.183,0.0735,0.04,0.0575
9,1,0,0,0.475,0.37,0.125,0.537,0.222,0.1215,0.15
9,0,0,1,0.455,0.37,0.125,0.433,0.201,0.1265,0.145
9,1,0,0,0.615,0.475,0.19,1.4335,0.7315,0.305,0.3285
14,1,0,0,0.57,0.48,0.18,0.9395,0.399,0.2,0.295
10,0,1,0,0.465,0.36,0.12,0.4765,0.192,0.1125,0.16
9,0,1,0,0.575,0.46,0.15,0.927,0.333,0.207,0.2985
10,0,0,1,0.415,0.31,0.11,0.2965,0.123,0.057,0.0995
11,1,0,0,0.585,0.51,0.16,1.218,0.639,0.241,0.3
8,0,0,1,0.35,0.26,0.095,0.221,0.0985,0.043,0.07
19,0,1,0,0.69,0.555,0.205,1.8165,0.7785,0.4395,0.515
10,1,0,0,0.66,0.495,0.195,1.6275,0.594,0.3595,0.485
11,0,1,0,0.655,0.455,0.17,1.2895,0.587,0.3165,0.3415
6,0,0,1,0.39,0.3,0.1,0.3085,0.1385,0.0735,0.085
7,1,0,0,0.435,0.335,0.11,0.4385,0.2075,0.0715,0.1315
10,0,1,0,0.715,0.585,0.23,2.0725,0.8655,0.4095,0.565
10,0,1,0,0.485,0.375,0.135,0.556,0.1925,0.1315,0.1685
9,0,1,0,0.56,0.43,0.145,0.898,0.3895,0.2325,0.245
10,1,0,0,0.375,0.28,0.095,0.2225,0.0875,0.043,0.08
15,1,0,0,0.62,0.495,0.195,1.5145,0.579,0.346,0.5195
7,0,0,1,0.335,0.245,0.09,0.2015,0.096,0.0405,0.048
9,0,1,0,0.505,0.38,0.135,0.6855,0.361,0.1565,0.161
9,1,0,0,0.575,0.435,0.14,0.8455,0.401,0.191,0.222
7,0,0,1,0.455,0.35,0.105,0.4445,0.213,0.107,0.1115
12,1,0,0,0.63,0.47,0.15,1.1355,0.539,0.2325,0.3115
7,0,0,1,0.505,0.38,0.12,0.594,0.2595,0.1435,0.18
10,0,1,0,0.65,0.545,0.185,1.5055,0.6565,0.341,0.43
11,0,1,0,0.695,0.56,0.22,1.834,0.8455,0.422,0.455
9,0,0,1,0.455,0.355,0.105,0.372,0.138,0.0765,0.135
11,0,1,0,0.625,0.445,0.16,1.09,0.46,0.2965,0.304
11,1,0,0,0.6,0.46,0.155,0.9595,0.4455,0.189,0.295
11,0,0,1,0.53,0.41,0.15,0.612,0.2435,0.1525,0.1895
8,1,0,0,0.59,0.47,0.16,1.206,0.479,0.2425,0.309
10,0,1,0,0.65,0.535,0.175,1.2895,0.6095,0.2765,0.344
11,1,0,0,0.63,0.505,0.15,1.3165,0.6325,0.2465,0.37
10,1,0,0,0.7,0.6,0.23,2.003,0.8105,0.4045,0.5755
9,1,0,0,0.34,0.255,0.095,0.213,0.081,0.034,0.07
8,1,0,0,0.455,0.35,0.11,0.458,0.2,0.111,0.1305
7,0,0,1,0.425,0.34,0.1,0.3515,0.1625,0.082,0.094
15,0,1,0,0.67,0.545,0.16,1.5415,0.5985,0.2565,0.495
9,1,0,0,0.635,0.5,0.18,1.154,0.4405,0.2315,0.387
12,1,0,0,0.35,0.265,0.09,0.1775,0.0575,0.042,0.068
20,1,0,0,0.55,0.44,0.16,0.991,0.348,0.168,0.375
12,0,1,0,0.675,0.565,0.195,1.8375,0.7645,0.3615,0.553
14,0,1,0,0.685,0.54,0.215,1.7025,0.664,0.3655,0.4735
12,1,0,0,0.675,0.54,0.175,1.5545,0.6645,0.278,0.512
7,0,0,1,0.45,0.33,0.105,0.3715,0.1865,0.0785,0.0975
10,0,0,1,0.475,0.365,0.12,0.53,0.2505,0.0975,0.1625
12,0,1,0,0.67,0.55,0.19,1.3905,0.5425,0.3035,0.4
9,0,0,1,0.465,0.36,0.105,0.452,0.22,0.159,0.1035
11,1,0,0,0.625,0.47,0.18,1.136,0.451,0.3245,0.305
12,0,1,0,0.585,0.455,0.165,0.998,0.345,0.2495,0.315
4,0,0,1,0.2,0.155,0.04,0.0435,0.0155,0.009,0.007
12,1,0,0,0.57,0.46,0.14,0.9535,0.4465,0.2065,0.245
7,0,0,1,0.34,0.25,0.07,0.2225,0.104,0.0425,0.055
11,0,0,1,0.355,0.28,0.1,0.2275,0.0935,0.0455,0.085
7,0,1,0,0.585,0.45,0.15,0.938,0.467,0.203,0.225
14,0,1,0,0.515,0.425,0.14,0.766,0.304,0.1725,0.255
6,0,0,1,0.285,0.215,0.06,0.0935,0.031,0.023,0.03
10,1,0,0,0.64,0.515,0.18,1.247,0.5475,0.2925,0.3685
23,0,1,0,0.62,0.52,0.225,1.1835,0.378,0.27,0.395
8,0,1,0,0.425,0.33,0.115,0.406,0.1635,0.081,0.1355
10,0,1,0,0.505,0.405,0.16,0.6835,0.271,0.145,0.215
10,1,0,0,0.74,0.57,0.18,1.8725,0.9115,0.427,0.446
3,0,0,1,0.24,0.175,0.065,0.0665,0.031,0.0135,0.017
8,1,0,0,0.535,0.415,0.135,0.78,0.3165,0.169,0.2365
9,0,0,1,0.525,0.4,0.145,0.6095,0.248,0.159,0.175
18,0,0,1,0.485,0.38,0.14,0.673,0.2175,0.13,0.195
8,0,0,1,0.485,0.365,0.125,0.426,0.163,0.0965,0.151
5,0,0,1,0.395,0.3,0.09,0.2855,0.1385,0.0625,0.077
15,0,1,0,0.62,0.47,0.225,1.115,0.378,0.2145,0.36
8,0,0,1,0.5,0.385,0.12,0.516,0.197,0.1305,0.165
8,0,1,0,0.6,0.46,0.15,1.235,0.6025,0.274,0.29
8,0,0,1,0.54,0.42,0.14,0.74,0.3595,0.159,0.1985
11,0,1,0,0.655,0.505,0.195,1.4405,0.688,0.3805,0.363
9,0,0,1,0.51,0.455,0.135,0.6855,0.2875,0.154,0.2035
18,1,0,0,0.48,0.395,0.15,0.6815,0.2145,0.1405,0.2495
11,1,0,0,0.49,0.395,0.14,0.549,0.2215,0.1275,0.15
7,0,0,1,0.345,0.265,0.1,0.2455,0.111,0.0535,0.065
11,1,0,0,0.65,0.505,0.17,1.5595,0.695,0.3515,0.395
10,1,0,0,0.66,0.515,0.155,1.4415,0.7055,0.3555,0.335
6,0,0,1,0.315,0.235,0.055,0.151,0.065,0.027,0.039
10,0,0,1,0.38,0.275,0.1,0.2255,0.08,0.049,0.085
10,0,1,0,0.62,0.51,0.18,1.233,0.592,0.274,0.322
9,0,0,1,0.515,0.395,0.125,0.5805,0.2365,0.1075,0.19
7,0,1,0,0.385,0.305,0.105,0.3315,0.1365,0.0745,0.1
15,1,0,0,0.66,0.53,0.17,1.3905,0.5905,0.212,0.453
8,0,0,1,0.355,0.26,0.09,0.1925,0.077,0.038,0.065
10,0,0,1,0.52,0.425,0.17,0.6805,0.28,0.174,0.195
7,0,1,0,0.55,0.425,0.14,0.952,0.4895,0.1945,0.2185
6,1,0,0,0.33,0.215,0.075,0.1145,0.045,0.0265,0.035
11,1,0,0,0.635,0.49,0.175,1.375,0.623,0.2705,0.395
3,0,0,1,0.14,0.105,0.035,0.014,0.0055,0.0025,0.004
9,0,0,1,0.4,0.3,0.11,0.315,0.109,0.067,0.12
7,0,0,1,0.28,0.205,0.055,0.1135,0.045,0.0275,0.0335
