18.4,0.17621,-0.47322,0.96527,-0.28767,1.5228,-0.055507,1.0551,-0.82152,1.6505,1.5182,0.76224,0.40514,0.51286
23.4,-0.37854,-0.47322,-0.086121,-0.28767,-1.2716,-0.017432,-2.3556,0.78255,-0.62502,-0.62276,0.32121,0.17021,-0.75814
50,-0.39631,3.6836,-1.2587,-0.28767,-1.2451,2.6024,-1.4211,0.69981,-0.62502,-1.1031,-1.6634,0.33994,-1.4126
13,0.36477,-0.47322,0.96527,-0.28767,1.2921,0.23445,0.99329,-0.73346,1.6505,1.5182,0.76224,-0.75533,0.89486
32.9,-0.39655,3.6836,-1.4332,-0.28767,-1.357,1.2859,-2.0756,1.9388,-0.7388,-0.047485,-0.64904,0.26066,-1.1921
8.3,2.1165,-0.47322,0.96527,-0.28767,1.1212,-1.3296,0.90966,-0.9691,1.6505,1.5182,0.76224,0.42049,0.95947
20,-0.35417,-0.47322,-0.11785,3.4646,-0.62212,-1.3369,1.0551,0.092395,-0.62502,-0.78882,0.056598,0.42049,1.4257
23.3,-0.25386,-0.47322,1.1787,-0.28767,2.6423,0.37064,1.0551,-0.93826,-0.51124,-0.041554,-1.6634,0.0070722,-0.77921
18.4,-0.36491,-0.47322,1.5119,-0.28767,0.53154,-0.63688,0.88784,-0.59424,-0.62502,0.16009,1.2033,0.31634,0.29377
13.8,1.4773,-0.47322,0.96527,-0.28767,0.90754,-3.103,1.0551,-1.2456,1.6505,1.5182,0.76224,0.42049,3.5155
21.5,-0.38713,-0.47322,0.35809,3.4646,-0.10084,-0.44797,0.82966,-0.38929,-0.51124,-0.79475,-0.91366,0.42049,0.69965
7.2,1.3063,-0.47322,0.96527,-0.28767,1.181,-1.435,0.98601,-1.1043,1.6505,1.5182,0.76224,0.42049,2.5099
10.4,8.6236,-0.47322,0.96527,-0.28767,0.93318,1.0413,0.76058,-1.109,1.6505,1.5182,0.76224,0.42049,0.59994
15,-0.37555,0.073729,-0.51014,-0.28767,-0.32302,0.17587,0.84784,1.3002,-0.51124,-0.58718,-1.4429,0.36493,1.055
15.6,-0.32228,-0.47322,-0.4712,-0.28767,-0.20338,-0.48751,0.84057,0.34875,-0.62502,-0.6109,1.1151,0.38789,0.47213
22.8,-0.32112,0.4019,-1.0726,-0.28767,0.72809,-1.0206,-0.29753,-0.83046,-0.51124,-0.86592,-2.4131,0.36341,-0.34945
19.4,-0.39391,3.0273,-1.1591,-0.28767,-1.3998,-0.68814,-1.4502,1.4296,-0.62502,-0.43298,-1.046,0.42049,-0.37895
12,1.125,-0.47322,0.96527,-0.28767,0.44608,-1.3955,0.95693,-0.77465,1.6505,1.5182,0.76224,-0.18105,1.6813
18.9,-0.38644,0.073729,-0.51014,-0.28767,-0.32302,-0.36304,0.43333,1.2416,-0.51124,-0.58718,-1.4429,0.42049,0.046594
29.8,-0.3856,1.4958,-1.149,-0.28767,-1.0665,0.438,-1.5229,0.43041,-0.51124,-0.071208,-1.4429,0.24213,-1.1767
5.6,2.1413,-0.47322,0.96527,-0.28767,1.1212,-0.39525,1.0551,-1.0248,1.6505,1.5182,0.76224,0.42049,1.9426
18.1,-0.34179,-0.47322,1.5119,-0.28767,0.53154,0.11437,0.98965,-0.76977,-0.62502,0.16009,1.2033,0.3922,0.56483
33.8,-0.34358,0.4019,-1.0726,-0.28767,0.72809,1.3855,0.39333,-0.76908,-0.51124,-0.86592,-2.4131,0.36848,-0.47023
19.7,-0.36899,-0.47322,-0.24765,-0.28767,0.19826,-1.2695,0.069716,-0.43361,-0.39746,-0.11272,0.32121,0.42049,1.1519
19.8,-0.39374,-0.47322,-1.1779,-0.28767,-0.86994,-0.16534,-1.4102,1.0691,-0.62502,0.11857,-0.69314,0.061112,-0.54045
24.7,-0.38219,-0.47322,-0.64859,-0.28767,-0.97249,-0.067222,-2.3447,0.99443,-0.7388,-1.0498,-0.25212,0.38954,-0.77218
23.4,-0.3933,0.44565,-0.83176,-0.28767,-1.0494,-0.37914,-1.8029,1.5289,-0.62502,-0.99046,-0.73725,0.42049,-0.63315
17,-0.25499,-0.47322,1.1787,3.4646,2.6423,-0.1873,0.90966,-0.94632,-0.51124,-0.041554,-1.6634,-0.54208,0.30641
27.9,0.81346,-0.47322,0.96527,-0.28767,0.83063,-0.95027,1.0551,-1.1732,1.6505,1.5182,0.76224,-0.40165,-0.11351
20,-0.38806,-0.47322,0.20521,-0.28767,-1.0665,0.032359,0.12789,0.17899,-0.51124,-0.071208,0.1007,0.12568,-0.13598
17.3,-0.3831,-0.47322,2.0542,-0.28767,0.16408,-0.58709,0.94602,-0.85103,-0.85258,-1.3167,0.27711,0.083185,1.7516
26.4,-0.38896,1.0145,-0.76685,-0.28767,-1.1007,0.34867,-1.912,0.88243,-0.28369,-0.48042,-1.046,0.2519,-0.59944
7.4,1.8929,-0.47322,0.96527,-0.28767,1.181,-1.8406,0.67331,-1.0592,1.6505,1.5182,0.76224,0.42049,2.6757
19,-0.39278,-0.47322,-0.89666,-0.28767,-0.39993,-0.39818,-0.93021,0.55038,-0.51124,-1.1031,0.76224,0.42049,-0.44917
28.7,-0.39124,-0.47322,0.35809,-0.28767,-0.10084,0.56394,0.51332,-0.12941,-0.51124,-0.79475,-0.91366,0.36823,-0.45619
32,-0.39037,1.4958,-1.149,-0.28767,-1.0665,0.76896,-1.0866,0.050174,-0.51124,-0.071208,-1.4429,0.38206,-0.87892
19.3,-0.36025,-0.47322,-0.11785,3.4646,-0.62212,-1.249,0.64058,-0.010226,-0.62502,-0.78882,0.056598,0.39943,1.5507
36.2,-0.39135,-0.47322,-1.3308,-0.28767,-0.88703,1.3035,-0.61024,1.1612,-0.7388,-1.115,0.1007,0.42049,-1.0685
28.7,-0.39297,-0.47322,-1.1534,-0.28767,-0.62212,1.2039,-0.28662,-0.13264,-0.85258,-0.83034,-0.29622,0.40984,-1.0166
17.5,-0.39519,-0.47322,-1.012,-0.28767,-1.0238,-0.35571,-0.81749,2.1148,-0.7388,-0.34402,0.1448,0.27765,-0.33822
7.2,1.4354,-0.47322,0.96527,-0.28767,1.0015,0.25934,1.0551,-0.90464,1.6505,1.5182,0.76224,-4.2687,2.2628
36.5,-0.34257,0.4019,-1.0726,-0.28767,0.72809,1.3899,0.74967,-0.85802,-0.51124,-0.86592,-2.4131,0.3062,-0.67949
19.3,-0.39164,-0.47322,-1.1779,-0.28767,-0.86994,-0.56952,-1.6429,0.74702,-0.62502,0.11857,-0.69314,0.23706,-0.41686
16.5,-0.37693,0.073729,-0.51014,-0.28767,-0.32302,-0.91659,1.0551,1.1709,-0.51124,-0.58718,-1.4429,0.29021,2.3864
45.4,-0.39472,0.4019,-1.1649,-0.28767,-1.0161,2.289,-0.23572,0.49296,-0.51124,-1.1506,-1.5752,0.29884,-1.289
8.5,3.8126,-0.47322,0.96527,-0.28767,1.1212,-1.063,0.52423,-1.0157,1.6505,1.5182,0.76224,-0.43502,2.0282
21.9,-0.023489,-0.47322,0.96527,-0.28767,1.3348,-1.8948,0.7424,-0.94491,1.6505,1.5182,0.76224,-0.60538,0.14912
20.6,-0.394,0.75195,0.52394,-0.28767,-0.83576,-0.011574,0.2297,-0.034659,-0.62502,-0.83034,-0.11981,0.42049,-0.32979
20,0.29127,-0.47322,0.96527,-0.28767,1.2921,-0.2576,0.48787,-0.47324,1.6505,1.5182,0.76224,0.42049,0.24743
7.5,0.70021,-0.47322,0.96527,-0.28767,1.0015,0.76896,0.72058,-0.91207,1.6505,1.5182,0.76224,-4.3408,1.8049
14.6,0.63925,-0.47322,0.96527,-0.28767,0.44608,-0.1053,0.93511,-0.74055,1.6505,1.5182,0.76224,0.2023,0.7151
17.1,-0.36263,-0.47322,1.5119,-0.28767,0.53154,0.28863,0.99692,-0.89726,-0.62502,0.16009,1.2033,0.38472,0.23198
24.7,-0.39627,3.246,-1.5384,-0.28767,-1.2972,0.18466,-1.2829,2.6885,-0.85258,-0.57532,-0.51673,0.42049,-1.0067
29,-0.35293,-0.47322,-0.75099,3.4646,-0.4683,0.68696,-0.16299,-0.016627,-0.16991,-0.6109,-0.47263,-0.045065,-0.68651
34.9,-0.39516,3.6836,-1.4332,-0.28767,-1.357,1.0516,-2.0247,1.9388,-0.7388,-0.047485,-0.64904,0.42049,-1.1767
22.7,-0.17098,-0.47322,1.1787,-0.28767,0.36917,-0.59002,0.75694,-0.61764,-0.51124,-0.041554,-1.6634,0.39779,-0.18233
23.9,-0.39322,-0.47322,-0.99761,-0.28767,-0.96394,0.19345,-0.83567,0.53435,-0.7388,-0.96674,0.012496,0.42049,-0.46602
15.3,-0.28412,-0.47322,1.1787,3.4646,2.6423,-1.8231,0.61877,-1.0143,-0.51124,-0.041554,-1.6634,-0.2597,-0.11491
13.8,0.41849,-0.47322,0.96527,-0.28767,0.18971,-1.2153,0.88784,-0.61383,1.6505,1.5182,0.76224,-0.14173,0.73055
50,-0.33634,0.4019,-1.0726,-0.28767,0.72809,3.5836,0.57877,-0.92111,-0.51124,-0.86592,-2.4131,0.32916,-1.098
22.2,-0.3911,-0.47322,-0.99761,-0.28767,-0.96394,-0.19902,-0.5157,0.030139,-0.7388,-0.96674,0.012496,0.39829,-0.63174
14.5,-0.26099,-0.47322,-0.4712,-0.28767,-0.20338,-0.27078,1.0551,0.239,-0.62502,-0.6109,1.1151,0.16463,0.014292
19.9,-0.009304,-0.47322,0.96527,-0.28767,1.7792,-0.008645,0.73149,-0.67946,1.6505,1.5182,0.76224,-0.16621,0.1758
19.4,-0.39484,1.0582,-0.77118,-0.28767,-1.0588,-0.33082,-1.7338,1.4439,-0.96635,-0.62869,-0.69314,-0.01906,-0.71741
19.5,0.27644,-0.47322,0.96527,-0.28767,1.2921,0.088007,0.43696,-0.46498,1.6505,1.5182,0.76224,0.42049,0.14771
15.6,0.017116,-0.47322,1.1787,-0.28767,2.6423,-1.1553,1.0551,-1.1113,-0.51124,-0.041554,-1.6634,0.42049,1.8934
30.5,-0.39134,1.4958,-1.149,-0.28767,-1.0665,0.70599,-1.4611,1.3653,-0.51124,-0.071208,-1.4429,0.32928,-1.1584
14.3,-0.30899,-0.47322,1.5119,-0.28767,0.53154,-0.9078,0.86239,-0.83369,-0.62502,0.16009,1.2033,0.42049,0.75864
23.1,-0.29148,-0.47322,-0.4712,-0.28767,-0.20338,-0.4714,-1.5156,0.39713,-0.62502,-0.6109,1.1151,0.293,-0.89296
37.3,-0.39035,3.0273,-0.93127,-0.28767,-1.2887,1.3049,-1.5738,0.69918,-0.62502,-0.9786,0.32121,0.42049,-1.3171
23.2,-0.39443,1.824,-0.87791,-0.28767,-1.3399,-0.070151,-1.4429,1.7745,-0.39746,-0.69393,-0.82545,0.42049,-0.81432
13.8,0.47821,-0.47322,0.96527,-0.28767,1.1212,-0.093582,0.78603,-0.9259,1.6505,1.5182,0.76224,0.42049,0.31343
20.4,-0.33449,-0.47322,-0.4712,-0.28767,-0.20338,-0.4509,-0.33389,0.49921,-0.62502,-0.6109,1.1151,0.42049,-0.65702
19.5,-0.3849,-0.47322,-0.41062,-0.28767,-0.3572,-0.59441,0.93511,-0.77162,-0.51124,-0.15424,1.071,0.38434,0.49601
26.6,-0.38543,-0.47322,-0.64859,-0.28767,-0.97249,0.75139,-2.4756,0.99443,-0.7388,-1.0498,-0.25212,0.27474,-1.1373
10.2,0.84349,-0.47322,0.96527,-0.28767,0.18971,-0.61492,-0.41025,-0.82504,1.6505,1.5182,0.76224,-4.3017,0.38646
10.5,1.8376,-0.47322,0.96527,-0.28767,1.5228,-0.64274,0.77876,-0.88925,1.6505,1.5182,0.76224,0.35136,1.2881
23,-0.33852,-0.47322,1.5119,-0.28767,0.53154,0.16855,0.97874,-0.66387,-0.62502,0.16009,1.2033,0.27918,-0.25536
19.3,-0.37689,-0.47322,-0.41062,-0.28767,-0.3572,-0.17559,0.59695,-0.47461,-0.51124,-0.15424,1.071,0.38967,0.070469
22.9,-0.39205,1.277,-1.4649,-0.28767,-1.1349,0.34135,-0.96657,2.4952,-0.96635,-0.44484,0.54173,0.42049,-0.97723
30.1,-0.33177,0.4019,-1.0726,-0.28767,0.72809,0.85683,1.0551,-0.81863,-0.51124,-0.86592,-2.4131,0.35745,-0.84802
23.1,-0.35759,-0.47322,-0.21736,-0.28767,-0.15211,0.18319,-0.13754,-0.074975,-0.62502,-0.62869,-0.031607,0.39905,-0.36209
16.4,0.089588,-0.47322,0.96527,-0.28767,1.2921,0.65035,0.69149,-0.53188,1.6505,1.5182,0.76224,-1.3767,0.48899
17.8,-0.34314,-0.47322,1.5119,-0.28767,0.53154,-0.15509,0.97874,-0.98576,-0.62502,0.16009,1.2033,0.42049,0.77549
37.6,-0.3596,-0.47322,-0.75099,-0.28767,-0.49393,2.6112,0.56423,-0.22979,-0.16991,-0.6109,-0.47263,0.29973,-1.3775
28.7,-0.39532,-0.47322,-1.3308,-0.28767,-0.88703,0.25349,-0.44661,1.1612,-0.7388,-1.115,0.1007,0.38523,-1.0854
50,-0.33971,0.4019,-1.0726,-0.28767,0.1128,2.9876,-0.14481,-0.61784,-0.51124,-0.86592,-2.4131,0.2637,-0.77218
27.5,-0.33512,-0.47322,-0.75099,3.4646,-0.4683,0.91101,0.24425,-0.20222,-0.16991,-0.6109,-0.47263,0.33791,-0.42248
28.4,-0.38598,-0.47322,-1.2284,-0.28767,-0.99812,0.53905,-0.47934,-0.093202,-0.85258,-0.79475,-0.20802,-0.073227,-0.88313
14.4,-0.37261,-0.47322,-0.64859,-0.28767,-0.97249,-1.2563,0.8842,1.0673,-0.7388,-1.0498,-0.25212,0.42049,2.5099
33.1,-0.39214,1.277,-0.7207,3.4646,-0.98103,0.8334,-1.5774,0.57511,-0.62502,-0.92523,-0.38443,0.37673,-1.2328
50,0.26466,-0.47322,0.96527,3.4646,0.59136,1.1116,0.9642,-1.2136,1.6505,1.5182,0.76224,0.35897,-1.4014
19.8,-0.37349,-0.47322,-0.21736,-0.28767,-0.15211,-0.69546,0.026083,0.16897,-0.62502,-0.62869,-0.031607,0.42049,0.42157
15.6,-0.17983,-0.47322,1.1787,-0.28767,2.6423,-0.92098,1.0551,-1.0601,-0.51124,-0.041554,-1.6634,-2.4671,0.52129
23.1,-0.3802,-0.47322,-0.24765,-0.28767,0.19826,-0.85947,-1.5338,-0.43361,-0.39746,-0.11272,0.32121,0.3747,0.65471
10.2,1.4133,-0.47322,0.96527,-0.28767,0.93318,-0.049649,1.0551,-1.1239,1.6505,1.5182,0.76224,0.38041,1.2418
31.1,-0.39613,2.1521,-1.2226,-0.28767,-1.3741,0.79532,-2.221,1.2381,-0.96635,-0.85999,-1.2665,0.37571,-1.1106
50,0.43993,-0.47322,0.96527,3.4646,0.90754,-0.55927,0.67695,-1.2492,1.6505,1.5182,0.76224,-0.20135,-0.56995
23,-0.38677,-0.47322,0.35809,3.4646,-0.10084,0.17001,0.77876,-0.15766,-0.51124,-0.79475,-0.91366,0.38041,-0.34243
14.6,-0.15818,-0.47322,1.1787,-0.28767,2.6423,-1.949,0.89875,-1.0874,-0.51124,-0.041554,-1.6634,0.35465,2.3302
21.9,-0.39346,3.0273,-1.1202,-0.28767,-1.451,-0.21806,-1.4175,2.7045,-0.96635,-0.56345,-0.91366,0.36962,-0.89437
19.5,-0.38099,-0.47322,-0.41062,-0.28767,-0.3572,-0.61638,0.76058,-0.72075,-0.51124,-0.15424,1.071,0.40489,0.80358
27.5,0.063604,-0.47322,0.96527,-0.28767,1.3348,-3.9479,0.61513,-1.0129,1.6505,1.5182,0.76224,-0.11484,-0.81712
21.6,-0.39558,-0.47322,-0.62552,-0.28767,-0.79303,0.24031,0.28788,0.62607,-0.85258,-0.99639,-0.29622,0.42049,-0.53343
24.5,-0.37,-0.47322,-0.24765,-0.28767,0.19826,-0.48458,-1.032,-0.63734,-0.39746,-0.11272,0.32121,0.42049,0.091535
23.6,-0.39261,-0.47322,-1.1534,-0.28767,-0.62212,1.0985,0.55695,-0.12912,-0.85258,-0.83034,-0.29622,0.42049,-1.0446
22.3,-0.3937,1.824,-0.87791,-0.28767,-1.3399,0.085078,-0.92294,1.7745,-0.39746,-0.69393,-0.82545,0.42049,-0.74971
21.7,-0.39004,-0.47322,0.36241,-0.28767,-1.0665,-0.36304,-1.0429,0.88781,-0.62502,-0.71765,-1.0901,0.42049,-0.35647
12.7,0.9563,-0.47322,0.96527,-0.28767,1.1212,-0.5417,0.86239,-0.93035,1.6505,1.5182,0.76224,0.42049,0.47916
19.4,-0.37182,-0.47322,-0.21736,-0.28767,-0.15211,-0.34253,0.70603,-0.41631,-0.62502,-0.62869,-0.031607,0.41288,-0.17109
19.9,0.042606,-0.47322,0.96527,-0.28767,0.15553,-0.13166,0.47332,-0.31887,1.6505,1.5182,0.76224,0.42049,0.47073
13.4,-0.061604,-0.47322,1.1787,3.4646,2.6423,-1.2505,1.0551,-1.1554,-0.51124,-0.041554,-1.6634,0.42049,1.9496
43.5,-0.34355,0.4019,-1.0726,-0.28767,0.1128,1.7765,-0.66841,-0.39774,-0.51124,-0.86592,-2.4131,0.33677,-1.3733
23.2,-0.036495,-0.47322,0.96527,-0.28767,0.15553,0.26374,0.14607,-0.38577,1.6505,1.5182,0.76224,0.37571,0.19968
22.1,-0.3182,-0.47322,-0.21736,-0.28767,-0.15211,-0.19756,-0.66114,-0.51097,-0.62502,-0.62869,-0.031607,0.42049,-0.97723
13.1,0.48551,-0.47322,0.96527,-0.28767,1.1212,0.31353,1.0115,-0.95791,1.6505,1.5182,0.76224,0.35808,0.5873
19.2,-0.36387,-0.47322,1.5119,-0.28767,0.53154,0.29449,1.0151,-0.76596,-0.62502,0.16009,1.2033,0.3969,-0.047502
8.8,7.0578,-0.47322,0.96527,-0.28767,1.0015,-0.43919,1.0551,-0.92033,1.6505,1.5182,0.76224,-4.4057,1.0788
8.4,0.98858,-0.47322,0.96527,-0.28767,1.5228,-0.4714,0.61513,-0.91153,1.6505,1.5182,0.76224,-3.7397,2.9608
37.9,-0.38912,-0.47322,-1.2904,-0.28767,-0.63066,1.3152,0.77148,-0.4815,-0.7388,-1.287,-0.29622,0.38523,-1.1401
15.1,0.30759,-0.47322,0.96527,-0.28767,1.181,-0.7965,0.94602,-0.85978,1.6505,1.5182,0.76224,0.38916,0.58589
16.7,0.72589,-0.47322,0.96527,-0.28767,1.3348,0.22566,1.0551,-0.89282,1.6505,1.5182,0.76224,-0.57088,0.29237
29.1,-0.39689,2.1521,-1.2226,-0.28767,-1.3741,0.5083,-1.8974,1.2381,-0.96635,-0.85999,-1.2665,0.16425,-1.2019
50,-0.21241,-0.47322,1.1787,3.4646,0.36917,2.2627,0.98965,-0.80397,-0.51124,-0.041554,-1.6634,0.32801,-1.5474
19.1,0.050058,-0.47322,0.96527,-0.28767,0.18971,-0.37182,0.85511,-0.55983,1.6505,1.5182,0.76224,-0.4118,1.1772
20.5,-0.39395,0.44565,-0.83176,-0.28767,-1.0494,-0.20781,-0.29026,1.5289,-0.62502,-0.99046,-0.73725,0.38332,-0.4927
19.6,-0.27739,-0.47322,1.5119,-0.28767,0.53154,0.10119,0.97147,-0.69143,-0.62502,0.16009,1.2033,0.42049,-0.095252
16.3,2.5073,-0.47322,0.96527,-0.28767,0.30081,-1.6137,1.0551,-1.0245,1.6505,1.5182,0.76224,-1.9381,1.003
21.4,0.39654,-0.47322,0.96527,-0.28767,0.79645,-0.070151,-0.20299,-0.35308,1.6505,1.5182,0.76224,0.42049,0.039572
42.8,-0.36094,0.48941,-0.80003,-0.28767,-1.1178,2.9319,-2.2756,2.5512,-0.28369,-0.47449,0.27711,0.42049,-1.3199
15.2,-0.27338,-0.47322,-0.4712,-0.28767,-0.20338,-0.16827,0.7533,0.14219,-0.62502,-0.6109,1.1151,0.42049,0.812
5,6.4887,-0.47322,0.96527,-0.28767,1.1212,-0.84044,1.0551,-1.1047,1.6505,1.5182,0.76224,0.26915,1.4103
21.7,-0.38884,0.073729,-0.51014,-0.28767,-0.32302,-0.53877,-1.1629,0.86249,-0.51124,-0.58718,-1.4429,0.33931,0.38927
9.7,0.77562,-0.47322,0.96527,-0.28767,1.181,-1.7879,0.94602,-0.93626,1.6505,1.5182,0.76224,0.42049,1.7895
34.6,-0.39453,3.0273,-1.426,-0.28767,-1.3485,1.4895,-1.1884,1.7705,-0.85258,-0.48042,-2.5896,0.36087,-0.88735
18.5,-0.38392,-0.47322,-0.2015,-0.28767,-0.12647,-0.0042517,0.4806,-0.69852,-0.39746,0.13044,-0.29622,0.31698,-0.34945
8.8,1.6382,-0.47322,0.96527,-0.28767,1.181,-2.7662,0.73512,-1.0978,1.6505,1.5182,0.76224,-0.98848,2.4847
10.5,2.0751,-0.47322,0.96527,-0.28767,1.181,-2.3503,1.0551,-1.0842,1.6505,1.5182,0.76224,0.42049,2.1546
18.2,-0.33366,-0.47322,-0.4712,-0.28767,-0.20338,-0.23563,0.4915,0.3792,-0.62502,-0.6109,1.1151,0.20636,-0.37614
14.9,0.56631,-0.47322,0.96527,-0.28767,1.2921,0.68988,0.84057,-0.58143,1.6505,1.5182,0.76224,-4.5296,0.8106
19.9,-0.077569,-0.47322,0.96527,-0.28767,0.79645,-0.72914,-0.8284,-0.3027,1.6505,1.5182,0.76224,-0.37235,0.16737
18.9,-0.38111,0.073729,-0.51014,-0.28767,-0.32302,-0.37036,0.54241,1.4202,-0.51124,-0.58718,-1.4429,0.29123,0.58449
22.6,0.033736,-0.47322,0.96527,-0.28767,1.7792,-0.2122,0.37515,-0.57508,1.6505,1.5182,0.76224,0.34235,-0.037671
21.5,-0.23038,-0.47322,1.1787,-0.28767,2.6423,-0.19756,0.95693,-1.0105,-0.51124,-0.041554,-1.6634,0.11477,0.16316
33.2,-0.39139,-0.47322,-1.2284,-0.28767,-0.99812,1.6974,-0.30844,-0.093202,-0.85258,-0.79475,-0.20802,0.42049,-0.94774
10.9,1.2113,-0.47322,0.96527,-0.28767,0.93318,0.4219,1.0224,-1.0588,1.6505,1.5182,0.76224,0.42049,1.1434
20.5,-0.38892,-0.47322,2.0542,-0.28767,0.16408,-0.43333,0.79694,-0.7814,-0.85258,-1.3167,0.27711,0.18188,0.70105
12.3,0.41207,-0.47322,0.96527,-0.28767,1.181,-1.0791,1.0551,-1.052,1.6505,1.5182,0.76224,0.42049,1.6322
12.7,-0.28369,-0.47322,-0.4712,-0.28767,-0.20338,-0.7965,0.84057,0.26734,-0.62502,-0.6109,1.1151,-0.045446,1.3569
8.1,-0.37731,-0.47322,2.3556,-0.28767,0.40335,-1.7044,0.98238,-0.91055,-0.62502,1.7851,0.71814,-0.57494,2.3512
23.8,-0.36091,-0.47322,-0.21736,-0.28767,-0.15211,0.45411,0.59332,-0.040865,-0.62502,-0.62869,-0.031607,0.40514,-0.51377
19.4,-0.18043,-0.47322,1.1787,-0.28767,2.6423,-0.80236,1.0006,-1.008,-0.51124,-0.041554,-1.6634,-1.2914,0.40051
25,0.062189,-0.47322,0.96527,-0.28767,1.7792,0.20663,0.61877,-0.57063,1.6505,1.5182,0.76224,0.1371,-0.72303
18.8,-0.38836,-0.47322,2.0542,-0.28767,0.16408,-0.55341,0.90238,-0.82079,-0.85258,-1.3167,0.27711,0.19824,0.6519
23.1,-0.37994,-0.47322,-0.58081,-0.28767,-0.58793,0.17441,-0.6066,0.41756,-0.51124,-0.72951,0.49762,0.42049,-0.85223
20.6,0.091975,-0.47322,0.96527,-0.28767,0.18117,-0.51534,-0.6466,-0.26077,1.6505,1.5182,0.76224,0.31038,-0.20901
20.1,-0.3842,-0.47322,-0.41062,-0.28767,-0.3572,-0.13166,0.69149,-0.61813,-0.51124,-0.15424,1.071,0.36709,-0.085422
19.7,-0.38935,0.44565,-0.83176,-0.28767,-1.0494,-0.4304,-0.9193,1.5289,-0.62502,-0.99046,-0.73725,0.40349,0.071874
36,-0.33107,0.4019,-1.0726,-0.28767,0.72809,1.5759,1.0551,-0.87537,-0.51124,-0.86592,-2.4131,0.24784,-0.72303
10.9,3.4205,-0.47322,0.96527,-0.28767,1.0015,-0.080402,0.28061,-0.89086,1.6505,1.5182,0.76224,-4.3756,0.22215
17.5,-0.38032,-0.47322,-0.24765,-0.28767,0.19826,-1.0074,0.091533,-0.62844,-0.39746,-0.11272,0.32121,0.40616,0.3036
16.1,0.25506,-0.47322,0.96527,-0.28767,0.18971,0.24616,0.1388,-0.72593,1.6505,1.5182,0.76224,-3.3718,-0.12755
11.8,-0.11649,-0.47322,1.1787,-0.28767,2.6423,-1.9827,0.97511,-1.1435,-0.51124,-0.041554,-1.6634,0.42049,2.2965
20.4,-0.38511,-0.47322,-0.2015,-0.28767,-0.12647,-0.56366,0.076988,-0.59052,-0.39746,0.13044,-0.29622,-0.31869,0.34152
24.3,-0.3439,-0.47322,-0.75099,-0.28767,-0.49393,-0.40404,-0.10482,-0.0070493,-0.16991,-0.6109,-0.47263,0.18518,-0.18092
14.2,0.31372,-0.47322,0.96527,-0.28767,1.3348,-0.36743,0.8842,-0.88514,1.6505,1.5182,0.76224,-0.55528,0.38787
23.5,-0.39472,3.0273,-1.1591,-0.28767,-1.3998,0.048468,-1.9338,1.4296,-0.62502,-0.43298,-1.046,0.42049,-1.1612
15.7,-0.35907,-0.47322,2.0542,-0.28767,0.16408,-0.94295,0.89511,-0.94251,-0.85258,-1.3167,0.27711,-0.056609,2.0114
13.9,-0.31312,-0.47322,-0.4712,-0.28767,-0.20338,-0.96345,0.53514,0.37563,-0.62502,-0.6109,1.1151,-0.76535,0.50163
27.5,1.0657,-0.47322,0.96527,-0.28767,0.30081,0.87147,1.0551,-1.0851,1.6505,1.5182,0.76224,-2.3391,0.96087
18.7,-0.38321,0.62068,-0.90531,-0.28767,-0.92976,-0.7555,-0.1739,1.7296,-0.16991,-0.74731,0.54173,0.39779,0.029741
25.2,-0.38191,0.4019,-0.64138,-0.28767,-0.83576,-0.024754,-1.9883,0.36312,-0.7388,-1.1091,0.056598,0.42049,-0.89156
29,-0.39271,2.5897,-1.3221,-0.28767,-1.3827,1.1482,-2.2174,2.024,-0.51124,-0.30844,-1.6193,0.099296,-1.1514
20.1,-0.39636,3.0273,-1.3913,-0.28767,-1.5109,-0.039398,-1.4356,2.6404,-0.96635,-1.0023,-0.11981,-0.28102,-0.0011563
21.4,-0.38121,-0.47322,2.0542,-0.28767,0.16408,-0.39672,0.63331,-0.82733,-0.85258,-1.3167,0.27711,0.26979,0.26287
15,4.7867,-0.47322,0.96527,-0.28767,0.30081,-0.73207,1.0551,-1.1107,1.6505,1.5182,0.76224,-4.5814,-0.3972
14.9,0.38771,-0.47322,0.96527,-0.28767,1.2921,0.064576,0.46242,-0.44119,1.6505,1.5182,0.76224,-1.1613,0.4623
21.8,-0.11257,-0.47322,0.96527,-0.28767,-0.25466,-0.72475,-1.1157,0.20152,1.6505,1.5182,0.76224,0.37,-0.35367
20.1,-0.38759,0.83946,-0.93415,-0.28767,-1.1434,-0.23709,-0.2139,1.2951,-0.39746,-0.65241,-0.82545,0.39157,-0.075591
24.3,-0.26219,-0.47322,1.1787,-0.28767,0.36917,-0.27956,1.0551,-0.94246,-0.51124,-0.041554,-1.6634,-0.12511,-0.91403
13.6,-0.27142,-0.47322,-0.4712,-0.28767,-0.20338,-1.0059,0.98601,0.054719,-0.62502,-0.6109,1.1151,0.1626,1.135
31,-0.31467,0.4019,-1.0726,-0.28767,0.72809,1.5671,0.85511,-0.78536,-0.51124,-0.86592,-2.4131,0.37635,-0.2371
21.2,-0.39263,-0.47322,0.20521,-0.28767,-1.0665,-0.036469,-0.62842,0.64904,-0.51124,-0.071208,0.1007,0.28729,-0.084017
20.8,0.82331,-0.47322,0.96527,-0.28767,0.44608,-0.89169,0.60422,-0.84771,1.6505,1.5182,0.76224,-0.91592,0.16316
23,-0.36758,-0.47322,-0.58081,-0.28767,-0.58793,0.080685,-1.5302,0.84539,-0.51124,-0.72951,0.49762,0.42049,-0.95335
15.4,0.61223,-0.47322,0.96527,-0.28767,1.5228,0.33403,1.0551,-0.83442,1.6505,1.5182,0.76224,0.29148,0.83026
23.2,0.13835,-0.47322,0.96527,-0.28767,1.181,-0.30153,0.41878,-0.74186,1.6505,1.5182,0.76224,0.18556,0.81762
22.8,-0.34836,-0.47322,-0.21736,-0.28767,-0.15211,0.55369,0.41878,-0.18004,-0.62502,-0.62869,-0.031607,0.42049,-1.1795
24,-0.39771,0.31439,-1.312,-0.28767,-0.20338,0.46583,-0.21026,0.19746,-0.96635,-0.67614,-1.3988,0.42049,-1.1177
37,-0.38916,1.4958,-1.149,-0.28767,-1.0665,1.0165,-1.7992,1.3653,-0.51124,-0.071208,-1.4429,0.17668,-1.1008
21.8,-0.38078,-0.47322,-0.24765,-0.28767,0.19826,-0.80529,-0.61751,-0.63734,-0.39746,-0.11272,0.32121,0.42049,-0.13036
14.3,0.16756,-0.47322,0.96527,-0.28767,1.2921,0.26227,0.61513,-0.66954,1.6505,1.5182,0.76224,-3.3434,0.4609
13.8,0.72798,-0.47322,0.96527,-0.28767,0.90754,-1.9783,1.0551,-1.2274,1.6505,1.5182,0.76224,0.42049,3.0661
26.7,-0.36204,-0.47322,-0.75099,3.4646,-0.4683,1.0165,0.63695,-0.40278,-0.16991,-0.6109,-0.47263,0.35453,-0.45338
36.1,-0.39276,0.97073,-1.3308,-0.28767,-0.76739,1.4338,-1.0866,0.16423,-0.28369,-1.115,-0.031607,0.37964,-0.84381
21.1,-0.39433,-0.47322,-0.89666,-0.28767,-0.39993,-0.32203,-1.3265,1.1236,-0.51124,-1.1031,0.76224,0.42049,-0.69213
23.6,-0.38904,-0.47322,-1.0611,-0.28767,-0.44266,0.23298,0.47696,-0.50804,-0.51124,-0.67614,-0.82545,0.40273,-0.54748
19.4,-0.37162,-0.47322,-0.41062,-0.28767,-0.3572,-0.040862,0.73512,-0.55749,-0.51124,-0.15424,1.071,0.34857,0.3668
32.4,-0.39263,1.277,-0.7207,3.4646,-0.98103,0.73382,-1.3847,0.1914,-0.62502,-0.92523,-0.38443,0.42049,-1.3213
19.1,1.181,-0.47322,0.96527,-0.28767,0.15553,-0.48458,0.00063026,-0.37995,1.6505,1.5182,0.76224,0.063269,0.72914
15.2,-0.38305,-0.47322,2.3556,-0.28767,0.40335,-1.1758,0.78966,-0.91138,-0.62502,1.7851,0.71814,0.39753,0.71931
33.3,-0.39428,3.0273,-1.426,-0.28767,-1.3485,1.5085,-1.3411,1.7705,-0.85258,-0.48042,-2.5896,0.42049,-1.2441
13.6,-0.38763,-0.47322,2.3556,-0.28767,0.40335,-0.40111,1.0115,-0.88832,-0.62502,1.7851,0.71814,0.33436,0.72072
20,-0.38847,-0.47322,-0.7856,-0.28767,-0.53666,-0.60906,-0.34844,-0.15052,-0.51124,-0.77696,0.32121,0.17515,-0.21463
22.2,-0.38717,0.62068,-0.90531,-0.28767,-0.92976,0.29156,-0.11573,1.7297,-0.16991,-0.74731,0.54173,0.42049,-0.8719
22.4,-0.37633,-0.47322,-0.11785,3.4646,-0.62212,-0.65885,-0.62478,-0.016285,-0.62502,-0.78882,0.056598,0.34489,0.43421
33.4,-0.39507,-0.47322,-1.3308,-0.28767,-0.88703,1.0853,-0.91567,1.1612,-0.7388,-1.115,0.1007,0.3917,-1.4042
21.7,-0.0080001,-0.47322,0.96527,3.4646,1.7792,0.20223,0.72785,-0.57699,1.6505,1.5182,0.76224,0.34996,0.046594
18.9,-0.39697,2.8085,-1.0683,-0.28767,-1.2972,-0.54023,-0.85022,1.7757,-0.7388,0.34987,1.1592,0.42049,0.26147
35.2,-0.37585,0.4019,-0.64138,3.4646,-0.83576,2.1001,-0.6975,0.33258,-0.7388,-1.1091,0.056598,0.34273,-0.89296
24.2,-0.3894,-0.47322,-0.086121,-0.28767,-1.2716,0.23445,-2.341,0.78255,-0.62502,-0.62276,0.32121,0.25342,-0.8733
20.7,-0.38916,0.4019,-0.64138,3.4646,-0.83576,-0.49337,-0.3448,0.11316,-0.7388,-1.1091,0.056598,0.34996,0.099962
17.5,-0.31883,-0.47322,-0.4712,-0.28767,-0.20338,-0.39086,0.38969,0.27951,-0.62502,-0.6109,1.1151,0.29173,0.24321
19.5,-0.39488,-0.47322,-0.89666,-0.28767,-0.39993,-0.56805,-0.89749,0.75508,-0.51124,-1.1031,0.76224,0.42049,-0.44074
17.8,0.5125,-0.47322,0.96527,3.4646,1.7792,-0.065757,0.96056,-0.76415,1.6505,1.5182,0.76224,0.17731,0.65471
23.1,-0.39645,3.246,-1.0466,-0.28767,-1.1349,0.37943,-1.5738,2.3698,-0.62502,-0.34995,-0.25212,0.36379,-0.92386
23.3,-0.39373,-0.47322,0.35809,3.4646,-0.10084,-0.54023,-0.54479,-0.28041,-0.51124,-0.79475,-0.91366,0.36848,0.0803
13.3,0.59773,-0.47322,0.96527,-0.28767,0.93318,0.78654,1.0115,-1.1376,1.6505,1.5182,0.76224,0.42049,1.1659
19.6,0.011135,-0.47322,0.96527,-0.28767,-0.25466,-0.040862,0.71694,-0.28667,1.6505,1.5182,0.76224,0.40058,-0.0095828
28.1,-0.3841,-0.47322,-0.11785,-0.28767,-0.62212,0.17294,-1.4065,0.1268,-0.62502,-0.78882,0.056598,0.27981,-0.49973
21.4,-0.38669,-0.47322,-1.2284,-0.28767,-0.99812,-0.13751,-0.050275,-0.093202,-0.85258,-0.79475,-0.20802,0.35618,-0.22446
18.2,-0.32476,-0.47322,-0.4712,-0.28767,-0.20338,-0.776,-0.053911,0.054035,-0.62502,-0.6109,1.1151,0.34501,-0.23289
41.3,-0.27428,-0.47322,1.1787,-0.28767,0.36917,1.0047,0.96056,-0.88382,-0.51124,-0.041554,-1.6634,-0.0040911,-1.1724
17.7,-0.023878,-0.47322,0.96527,-0.28767,1.2921,0.17441,0.63331,-0.54674,1.6505,1.5182,0.76224,0.3511,0.2404
22,-0.38724,-0.47322,0.07541,-0.28767,0.095713,0.78654,0.66604,-0.63382,-0.96635,-0.81254,1.1151,0.37673,-0.90701
34.9,-0.39494,2.8085,-1.2197,-0.28767,-1.1434,1.1234,-2.0065,0.83816,-0.7388,-0.93709,-0.075709,0.40425,-1.539
24.4,-0.38412,0.48941,-0.80003,-0.28767,-1.1178,0.33696,-2.1083,1.8134,-0.28369,-0.47449,0.27711,0.41263,-0.98846
17.4,-0.27592,-0.47322,1.1787,-0.28767,0.36917,-0.55927,0.85875,-0.61574,-0.51124,-0.041554,-1.6634,-0.90654,0.20951
38.7,-0.3861,-0.47322,-1.2284,-0.28767,-0.99812,2.6537,0.18244,-0.093202,-0.85258,-0.79475,-0.20802,0.42049,-1.2258
50,0.53778,-0.47322,0.96527,-0.28767,0.59136,-0.0599,1.0551,-1.2299,1.6505,1.5182,0.76224,0.030413,-0.47866
18.9,-0.39184,-0.47322,-0.7856,-0.28767,-0.53666,-0.47433,-0.10118,-0.15912,-0.51124,-0.77696,0.32121,0.42049,-0.45759
14.5,-0.29813,-0.47322,-0.4712,-0.28767,-0.20338,-0.65006,1.0551,0.2,-0.62502,-0.6109,1.1151,0.39055,0.97492
21.7,-0.38741,-0.47322,-0.41062,-0.28767,-0.3572,-0.090653,-0.60296,-0.44378,-0.51124,-0.15424,1.071,0.37723,0.0086746
30.7,-0.31868,0.4019,-1.0726,-0.28767,0.72809,1.1087,0.49514,-0.75892,-0.51124,-0.86592,-2.4131,0.25774,0.26007
19.6,-0.31196,-0.47322,-0.4712,-0.28767,-0.20338,-0.42747,0.6624,0.15949,-0.62502,-0.6109,1.1151,0.36506,0.12524
31.2,-0.39526,1.9334,-1.1,-0.28767,-0.66484,0.90369,-1.5593,1.3583,-0.51124,-0.23727,-0.38443,0.30721,-1.1696
23,0.19219,-0.47322,0.96527,-0.28767,-0.25466,-0.021825,-0.22844,-0.1279,1.6505,1.5182,0.76224,0.42049,-0.30872
15.6,-0.039909,-0.47322,1.1787,3.4646,2.6423,-0.15362,0.42242,-0.94823,-0.51124,-0.041554,-1.6634,-3.4979,0.29237
22.9,-0.39475,0.62068,-0.94425,-0.28767,-1.1605,-0.13166,-0.88294,0.83796,-0.62502,-0.7651,0.23301,0.34108,-0.76235
26.6,-0.39254,-0.47322,-0.99761,-0.28767,-0.96394,0.54637,-0.54115,0.36737,-0.7388,-0.96674,0.012496,0.36214,-0.89999
34.7,-0.39558,-0.47322,-0.62552,-0.28767,-0.79303,1.3591,-0.35934,0.62607,-0.85258,-0.99639,-0.29622,0.36886,-1.2511
29.1,-0.39026,1.277,-0.7207,-0.28767,-0.98103,0.32964,-1.4138,0.22204,-0.62502,-0.92523,-0.38443,0.42049,-0.80729
23.7,-0.38999,0.83946,-0.93415,-0.28767,-1.1434,0.32817,-1.9083,1.2236,-0.39746,-0.65241,-0.82545,0.19862,-0.92386
13.3,-0.37302,-0.47322,1.5119,-0.28767,0.53154,-0.58563,0.98965,-0.98581,-0.62502,0.16009,1.2033,0.35884,1.1772
19.9,-0.33473,-0.47322,-0.4712,-0.28767,-0.20338,-0.61931,-0.5266,0.39713,-0.62502,-0.6109,1.1151,0.40425,-0.62753
20.9,-0.38536,0.073729,-0.76974,-0.28767,-1.3058,-0.54462,-1.3811,1.3742,-0.62502,-0.38553,0.18891,0.42049,-0.58259
16.6,-0.3751,-0.47322,-0.64859,-0.28767,-0.97249,-0.33228,0.52787,0.97904,-0.7388,-1.0498,-0.25212,0.36772,0.82324
50,-0.34492,-0.47322,-0.75099,-0.28767,-0.49393,3.6143,0.43696,-0.3868,-0.16991,-0.6109,-0.47263,0.23148,-1.1668
19.1,0.17878,-0.47322,0.96527,-0.28767,0.18117,-0.20927,0.32061,-0.068426,1.6505,1.5182,0.76224,0.36696,0.28675
6.3,0.60716,-0.47322,0.96527,-0.28767,1.1212,-0.59295,0.24789,-1.068,1.6505,1.5182,0.76224,-0.32465,2.392
14.8,-0.30144,-0.47322,-0.4712,-0.28767,-0.20338,-0.30739,0.64786,0.37504,-0.62502,-0.6109,1.1151,-0.7278,0.60977
22.5,-0.39179,2.5897,-1.3221,-0.28767,-1.3827,0.12901,-1.8501,2.024,-0.51124,-0.30844,-1.6193,0.056926,-1.1191
18.5,-0.39527,-0.47322,-0.89666,-0.28767,-0.39993,-0.52998,-0.41389,0.94268,-0.51124,-1.1031,0.76224,0.39398,-0.334
13.1,-0.28157,-0.47322,-0.4712,-0.28767,-0.20338,-0.81408,0.8733,0.04949,-0.62502,-0.6109,1.1151,-0.063205,0.76004
18,-0.36535,-0.47322,1.5119,-0.28767,0.53154,0.25495,1.0115,-0.91549,-0.62502,0.16009,1.2033,0.42049,0.34433
24.4,-0.38457,-0.47322,-0.11785,3.4646,-0.62212,-0.28249,-0.43207,0.27037,-0.62502,-0.78882,0.056598,0.22285,0.24181
16.8,-0.3756,-0.47322,-0.24765,-0.28767,0.19826,-0.33668,0.31697,-0.58041,-0.39746,-0.11272,0.32121,0.42049,0.19546
19,-0.015576,-0.47322,0.96527,-0.28767,0.79645,-0.44651,0.49878,-0.39799,1.6505,1.5182,0.76224,-4.3352,0.59151
15.2,0.15337,-0.47322,0.96527,-0.28767,1.2921,0.58298,0.98965,-0.65029,1.6505,1.5182,0.76224,-0.10735,0.67297
18.4,-0.31997,-0.47322,-0.4712,-0.28767,-0.20338,0.34867,0.85148,0.37568,-0.62502,-0.6109,1.1151,0.30683,-0.019414
24.8,-0.39387,2.5897,-1.3221,-0.28767,-1.3827,0.8993,-0.85749,2.024,-0.51124,-0.30844,-1.6193,0.34387,-0.96459
31.6,-0.35654,-0.47322,-0.75099,-0.28767,-0.49393,1.3269,0.32424,-0.22979,-0.16991,-0.6109,-0.47263,0.10564,-0.92386
23.8,-0.38136,-0.47322,-0.58081,-0.28767,-0.58793,0.24763,-0.67932,0.41756,-0.51124,-0.72951,0.49762,0.42049,-0.80589
13.3,0.2499,-0.47322,0.96527,-0.28767,0.18971,-0.13898,0.96056,-0.7232,1.6505,1.5182,0.76224,-0.77372,1.5676
24.5,-0.38168,0.48941,-0.80003,-0.28767,-1.1178,0.25788,-0.79568,2.0234,-0.28369,-0.47449,0.27711,0.139,-0.48006
24.1,-0.39029,2.1521,-1.4014,-0.28767,-1.2887,0.47169,-1.2756,3.4326,-0.62502,0.0058911,-0.075709,0.089147,-1.046
35.1,-0.37702,0.4019,-1.1649,-0.28767,-1.0161,0.8129,-1.4102,0.20269,-0.51124,-1.1506,-1.5752,0.42049,-1.1359
44,-0.39679,3.4648,-1.1043,-0.28767,-1.4339,1.7531,-1.3375,1.2951,-0.7388,-0.98453,-1.1342,0.28653,-1.3803
20.4,-0.38505,-0.47322,-0.41062,-0.28767,-0.3572,-0.19023,0.51696,-0.76405,-0.51124,-0.15424,1.071,0.30366,0.16176
18.7,-0.39211,-0.47322,-0.89666,-0.28767,-0.39993,-0.42308,-0.45388,0.55038,-0.51124,-1.1031,0.76224,0.42049,-0.51237
32.7,-0.39703,1.0582,-1.426,-0.28767,-1.0238,1.4411,-0.7884,1.638,-0.96635,-0.74731,-1.3106,0.39309,-1.046
23.9,-0.39219,-0.47322,0.07541,-0.28767,0.095713,1.0531,0.72785,-0.74201,-0.96635,-0.81254,1.1151,0.42049,-1.025
24.4,-0.38673,0.4019,-0.64138,-0.28767,-0.83576,0.41164,-0.44661,0.11316,-0.7388,-1.1091,0.056598,0.39588,-0.73145
30.1,-0.39662,3.4648,-1.3538,-0.28767,-1.2972,0.68988,-1.2684,4.1247,-0.51124,-1.3226,-0.64904,0.26268,-1.1851
46.7,-0.36811,-0.47322,-0.75099,-0.28767,-0.49393,2.0928,-1.9629,-0.15189,-0.16991,-0.6109,-0.47263,0.17452,-1.2665
50,-0.19452,-0.47322,1.1787,-0.28767,0.36917,2.4487,0.91693,-0.80143,-0.51124,-0.041554,-1.6634,0.070373,-1.2974
21,-0.39022,-0.47322,-0.7856,-0.28767,-0.53666,-0.59588,-1.072,0.12132,-0.51124,-0.77696,0.32121,0.42049,-0.5854
22,-0.39436,-0.47322,-1.1534,-0.28767,-0.62212,0.21688,0.10608,-0.29019,-0.85258,-0.83034,-0.29622,0.378,-0.66545
22,-0.39724,1.9334,-1.3207,-0.28767,-1.4767,0.28717,-1.4211,1.7697,-0.96635,-0.65241,-1.3988,0.39284,-0.66123
30.1,-0.33602,-0.47322,-0.75099,-0.28767,-0.4683,0.5288,0.35697,-0.20222,-0.16991,-0.6109,-0.47263,0.42049,-0.74971
22.5,-0.39309,-0.47322,-0.99761,-0.28767,-0.96394,-0.35425,-0.94112,0.36224,-0.7388,-0.96674,0.012496,0.40895,-0.010987
8.7,1.1406,-0.47322,0.96527,-0.28767,1.5228,-0.15362,1.0551,-0.86579,1.6505,1.5182,0.76224,-4.4961,1.8976
21.1,-0.36802,0.4019,-0.64138,-0.28767,-0.83576,-0.58709,-1.0502,0.36312,-0.7388,-1.1091,0.056598,0.31584,0.0086746
16.6,-0.33022,-0.47322,-0.4712,-0.28767,-0.20338,-0.65006,0.7024,0.48675,-0.62502,-0.6109,1.1151,0.16653,0.26287
21,-0.2967,-0.47322,-0.4712,-0.28767,-0.20338,0.61081,0.59332,0.27027,-0.62502,-0.6109,1.1151,0.20903,-0.13458
48.3,-0.36474,-0.47322,-0.75099,-0.28767,-0.4683,2.9143,-0.021186,-0.016627,-0.16991,-0.6109,-0.47263,0.19279,-1.2623
15.4,-0.12113,-0.47322,1.1787,-0.28767,2.6423,-0.96638,0.86966,-1.0556,-0.51124,-0.041554,-1.6634,-0.15099,1.1954
16.2,-0.37207,-0.47322,1.5119,-0.28767,0.53154,-0.82579,0.90966,-0.92732,-0.62502,0.16009,1.2033,0.35973,0.59713
33,-0.39637,0.29251,-1.4461,-0.28767,-1.2451,1.2405,-0.41752,2.7058,-0.7388,-1.1506,0.056598,0.37406,-0.68651
21.2,-0.025849,-0.47322,0.96527,-0.28767,0.18117,0.080685,-0.69387,0.14942,1.6505,1.5182,0.76224,0.31546,-0.3312
30.8,-0.39555,2.8085,-1.2197,-0.28767,-1.1434,0.49512,-1.7883,0.83816,-0.7388,-0.93709,-0.075709,0.40438,-1.2104
18.6,-0.37515,-0.47322,-0.41062,-0.28767,-0.3572,0.21688,0.52423,-0.47461,-0.51124,-0.15424,1.071,-3.7162,-0.32417
24.4,-0.37506,-0.47322,-0.11785,-0.28767,-0.62212,0.10119,-0.67205,0.32691,-0.62502,-0.78882,0.056598,0.39474,-0.27642
17.2,0.35239,-0.47322,0.96527,-0.28767,0.30081,-0.93709,0.97874,-1.0903,1.6505,1.5182,0.76224,-0.62302,1.8906
11.5,0.42822,-0.47322,0.96527,-0.28767,1.181,-1.2695,1.0151,-0.95673,1.6505,1.5182,0.76224,0.42049,1.1111
20.6,-0.15717,-0.47322,0.96527,-0.28767,0.18117,-0.56513,-1.0575,0.018606,1.6505,1.5182,0.76224,0.088513,0.056425
19.1,-0.16373,-0.47322,1.1787,-0.28767,0.36917,-0.55195,0.95693,-0.63392,-0.51124,-0.041554,-1.6634,-0.19818,-0.12755
25,-0.10186,-0.47322,1.1787,-0.28767,0.36917,-0.22831,0.80057,-0.68537,-0.51124,-0.041554,-1.6634,-1.5678,-0.43934
20.4,-0.36275,-0.47322,-0.58081,-0.28767,-0.58793,-0.31617,-0.76659,0.50586,-0.51124,-0.72951,0.49762,0.42049,-0.73567
22.6,-0.38452,-0.47322,-0.11785,-0.28767,-0.62212,-0.53584,-1.7702,0.1268,-0.62502,-0.78882,0.056598,0.42049,-0.29047
